[Licensing::Module] Trying to connect to existing licensing client channel...
Built from '6000.2/staging' branch; Version is '6000.2.10f1 (d3d30d158480) revision 13882125'; Using compiler version '194234433'; Build Type 'Release'
[Licensing::IpcConnector] Successfully connected to: "LicenseClient-User" at "2026-04-30T08:17:45.3042793Z"
OS: 'Windows 11  (10.0.26200) 64bit Core' Language: 'en' Physical Memory: 32692 MB
BatchMode: 1, IsHumanControllingUs: 0, StartBugReporterOnCrash: 0, Is64bit: 1
Date: 2026-04-30T08:17:45Z

COMMAND LINE ARGUMENTS:
C:\Program Files\6000.2.10f1\Editor\Unity.exe
-adb2
-batchMode
-noUpm
-name
AssetImportWorker6
-projectPath
E:/ProceduralDungeon
-logFile
Logs/AssetImportWorker6.log
-srvPort
65522
-licensingIpc
LicenseClient-User
-job-worker-count
11
-background-job-worker-count
8
-gc-helper-count
1
-name
AssetImport
Successfully changed project path to: E:/ProceduralDungeon
E:/ProceduralDungeon
[UnityMemory] Configuration Parameters - Can be set up in boot.config
    "memorysetup-allocator-temp-initial-block-size-main=262144"
    "memorysetup-allocator-temp-initial-block-size-worker=262144"
    "memorysetup-bucket-allocator-granularity=16"
    "memorysetup-bucket-allocator-bucket-count=8"
    "memorysetup-bucket-allocator-block-size=33554432"
    "memorysetup-bucket-allocator-block-count=8"
    "memorysetup-main-allocator-block-size=16777216"
    "memorysetup-thread-allocator-block-size=16777216"
    "memorysetup-gfx-main-allocator-block-size=16777216"
    "memorysetup-gfx-thread-allocator-block-size=16777216"
    "memorysetup-cache-allocator-block-size=4194304"
    "memorysetup-typetree-allocator-block-size=2097152"
    "memorysetup-profiler-bucket-allocator-granularity=16"
    "memorysetup-profiler-bucket-allocator-bucket-count=8"
    "memorysetup-profiler-bucket-allocator-block-size=33554432"
    "memorysetup-profiler-bucket-allocator-block-count=8"
    "memorysetup-profiler-allocator-block-size=16777216"
    "memorysetup-profiler-editor-allocator-block-size=1048576"
    "memorysetup-temp-allocator-size-main=16777216"
    "memorysetup-job-temp-allocator-block-size=2097152"
    "memorysetup-job-temp-allocator-block-size-background=1048576"
    "memorysetup-job-temp-allocator-reduction-small-platforms=262144"
    "memorysetup-temp-allocator-size-background-worker=32768"
    "memorysetup-temp-allocator-size-job-worker=262144"
    "memorysetup-temp-allocator-size-preload-manager=33554432"
    "memorysetup-temp-allocator-size-nav-mesh-worker=65536"
    "memorysetup-temp-allocator-size-audio-worker=65536"
    "memorysetup-temp-allocator-size-cloud-worker=32768"
    "memorysetup-temp-allocator-size-gi-baking-worker=262144"
    "memorysetup-temp-allocator-size-gi-baking-worker=262144"
    "memorysetup-temp-allocator-size-gi-baking-worker=262144"
    "memorysetup-temp-allocator-size-gi-baking-worker=262144"
    "memorysetup-temp-allocator-size-gi-baking-worker=262144"
    "memorysetup-temp-allocator-size-gfx=262144"
Player connection [5004]  Target information:

Player connection [5004]  * "[IP] 192.168.1.184 [Port] 0 [Flags] 2 [Guid] 1305732182 [EditorId] 1305732182 [Version] 1048832 [Id] WindowsEditor(7,DESKTOP-MROA2G9) [Debug] 1 [PackageName] WindowsEditor [ProjectName] Editor" 

Player connection [5004] Host joined multi-casting on [225.0.0.222:54997]...
Player connection [5004] Host joined alternative multi-casting on [225.0.0.222:34997]...
JobSystem: Creating JobQueue using job-worker-count value 11
Input System module state changed to: Initialized.
[Physics::Module] Initialized fallback backend.
[Physics::Module] Id: 0xdecafbad
[Licensing::Client] Code 10 while verifying Licensing Client signature (process Id: 32940, path: "C:/Users/User/Desktop/Unity Hub/UnityLicensingClient_V1/Unity.Licensing.Client.exe")
[Licensing::Module] LicensingClient has failed validation; ignoring
[Licensing::Client] Handshaking with LicensingClient:
  Version:                 1.17.4+4293ba1
  Session Id:              5f9d1b2c780e419cba4ea88a4f3193b7
  Correlation Id:          81d203aaf5b43afd424cb7c3d250fefc
  External correlation Id: 6892552360026848535
  Machine Id:              N26h/t0TNiQkg8J0E+Djhoi8Vvg=
[Licensing::Module] Successfully connected to LicensingClient on channel: "LicenseClient-User" (connect: 0.00s, validation: 0.00s, handshake: 0.06s)
[Licensing::IpcConnector] Successfully connected to: "LicenseClient-User-notifications" at "2026-04-30T08:17:45.3643704Z"
[Licensing::Module] Licensing Background thread has ended after 0.06s
Library Redirect Path: Library/
[Physics::Module] Selected backend.
[Physics::Module] Name: PhysX
[Physics::Module] Id: 0xf2b8ea05
[Physics::Module] SDK Version: 4.1.2
[Physics::Module] Integration Version: 1.0.0
[Physics::Module] Threading Mode: Multi-Threaded
Refreshing native plugins compatible for Editor in 4.13 ms, found 4 plugins.
Preloading 0 native plugins for Editor in 0.00 ms.
Initialize engine version: 6000.2.10f1 (d3d30d158480)
[Subsystems] Discovering subsystems at path C:/Program Files/6000.2.10f1/Editor/Data/Resources/UnitySubsystems
[Subsystems] Discovering subsystems at path E:/ProceduralDungeon/Assets
GfxDevice: creating device client; kGfxThreadingModeNonThreaded
Direct3D:
    Version:  Direct3D 11.0 [level 11.1]
    Renderer: NVIDIA GeForce RTX 3070 (ID=0x2484)
    Vendor:   NVIDIA
    VRAM:     8018 MB
    Driver:   32.0.15.6636
Initialize mono
Mono path[0] = 'C:/Program Files/6000.2.10f1/Editor/Data/Managed'
Mono path[1] = 'C:/Program Files/6000.2.10f1/Editor/Data/MonoBleedingEdge/lib/mono/unityjit-win32'
Mono config path = 'C:/Program Files/6000.2.10f1/Editor/Data/MonoBleedingEdge/etc'
Using monoOptions --debugger-agent=transport=dt_socket,embedding=1,server=y,suspend=n,address=127.0.0.1:56752
Begin MonoManager ReloadAssembly
Registering precompiled unity dll's ...
Register platform support module: C:/Program Files/6000.2.10f1/Editor/Data/PlaybackEngines/WindowsStandaloneSupport/UnityEditor.WindowsStandalone.Extensions.dll
Registered in 0.002837 seconds.
- Loaded All Assemblies, in  0.469 seconds
Native extension for WindowsStandalone target not found
Mono: successfully reloaded assembly
- Finished resetting the current domain, in  0.444 seconds
Domain Reload Profiling: 909ms
	BeginReloadAssembly (160ms)
		ExecutionOrderSort (0ms)
		DisableScriptedObjects (0ms)
		BackupInstance (0ms)
		ReleaseScriptingObjects (0ms)
		CreateAndSetChildDomain (1ms)
	RebuildCommonClasses (42ms)
	RebuildNativeTypeToScriptingClass (16ms)
	initialDomainReloadingComplete (71ms)
	LoadAllAssembliesAndSetupDomain (175ms)
		LoadAssemblies (155ms)
		RebuildTransferFunctionScriptingTraits (0ms)
		AnalyzeDomain (171ms)
			TypeCache.Refresh (169ms)
				TypeCache.ScanAssembly (154ms)
			BuildScriptInfoCaches (0ms)
			ResolveRequiredComponents (1ms)
	FinalizeReload (445ms)
		ReleaseScriptCaches (0ms)
		RebuildScriptCaches (0ms)
		SetupLoadedEditorAssemblies (391ms)
			LogAssemblyErrors (0ms)
			InitializePlatformSupportModulesInManaged (57ms)
			SetLoadedEditorAssemblies (4ms)
			BeforeProcessingInitializeOnLoad (91ms)
			ProcessInitializeOnLoadAttributes (177ms)
			ProcessInitializeOnLoadMethodAttributes (63ms)
			AfterProcessingInitializeOnLoad (0ms)
			EditorAssembliesLoaded (0ms)
		ExecutionOrderSort2 (0ms)
		AwakeInstancesAfterBackupRestoration (0ms)
Assembly reference Packages/com.unity.cinemachine/Editor/Samples/ExposeHDRPInternals/HDRP-Editor-ref.asmref has no target assembly definition
========================================================================
Worker process is ready to serve import requests
Import Worker Mode flag is 0x00
Assembly reference Packages/com.unity.cinemachine/Editor/Samples/ExposeHDRPInternals/HDRP-Editor-ref.asmref has no target assembly definition
Assembly reference Packages/com.unity.cinemachine/Editor/Samples/ExposeHDRPInternals/HDRP-Editor-ref.asmref has no target assembly definition
Begin MonoManager ReloadAssembly
[Licensing::Client] Successfully resolved entitlement details
[Licensing::Module] License group:
  Id: F4-RHZR-CMD6-PD46-HR52-XXXX
  Product: Unity Personal
  Type: ULF
  Expiration: Unlimited
[Licensing::Module] License group:
  Id: 6872308939192-UnityPersXXXX
  Product: Unity Personal
  Type: Assigned
  Expiration: Unlimited
- Loaded All Assemblies, in  1.151 seconds
Assembly reference Packages/com.unity.cinemachine/Editor/Samples/ExposeHDRPInternals/HDRP-Editor-ref.asmref has no target assembly definition
'Packages/com.unity.cinemachine/Editor/Obsolete/CinemachineVirtualCameraBaseEditor.cs' contains partial class of Unity.Object, exactly 1 of the partial classes needs to be in a file with the same filename. This is to know the one that can be referenced from ie. GameObjects
'Packages/com.unity.cinemachine/Editor/Editors/CinemachineVirtualCameraBaseEditor.cs' contains partial class of Unity.Object, exactly 1 of the partial classes needs to be in a file with the same filename. This is to know the one that can be referenced from ie. GameObjects
Refreshing native plugins compatible for Editor in 2.18 ms, found 4 plugins.
Native extension for WindowsStandalone target not found
Assembly reference Packages/com.unity.cinemachine/Editor/Samples/ExposeHDRPInternals/HDRP-Editor-ref.asmref has no target assembly definition
Package Manager log level set to [2]
[Package Manager] Failed to launch server process. Reason: Unity was launched with the -noUpm command-line argument
[Package Manager] Unable to send message (not connected to server process).
[Package Manager] Cannot connect to Unity Package Manager local server
[Package Manager] Failed to launch server process. Reason: Unity was launched with the -noUpm command-line argument
[Package Manager] Unable to send message (not connected to server process).
[Package Manager] Cannot connect to Unity Package Manager local server
Mono: successfully reloaded assembly
- Finished resetting the current domain, in  1.824 seconds
Domain Reload Profiling: 2967ms
	BeginReloadAssembly (229ms)
		ExecutionOrderSort (0ms)
		DisableScriptedObjects (7ms)
		BackupInstance (0ms)
		ReleaseScriptingObjects (0ms)
		CreateAndSetChildDomain (45ms)
	RebuildCommonClasses (40ms)
	RebuildNativeTypeToScriptingClass (13ms)
	initialDomainReloadingComplete (62ms)
	LoadAllAssembliesAndSetupDomain (799ms)
		LoadAssemblies (561ms)
		RebuildTransferFunctionScriptingTraits (0ms)
		AnalyzeDomain (364ms)
			TypeCache.Refresh (271ms)
				TypeCache.ScanAssembly (251ms)
			BuildScriptInfoCaches (71ms)
			ResolveRequiredComponents (15ms)
	FinalizeReload (1824ms)
		ReleaseScriptCaches (0ms)
		RebuildScriptCaches (0ms)
		SetupLoadedEditorAssemblies (1624ms)
			LogAssemblyErrors (0ms)
			InitializePlatformSupportModulesInManaged (2ms)
			SetLoadedEditorAssemblies (9ms)
			BeforeProcessingInitializeOnLoad (240ms)
			ProcessInitializeOnLoadAttributes (1169ms)
			ProcessInitializeOnLoadMethodAttributes (187ms)
			AfterProcessingInitializeOnLoad (16ms)
			EditorAssembliesLoaded (1ms)
		ExecutionOrderSort2 (0ms)
		AwakeInstancesAfterBackupRestoration (12ms)
Launched and connected shader compiler UnityShaderCompiler.exe after 0.40 seconds
Refreshing native plugins compatible for Editor in 2.92 ms, found 4 plugins.
Preloading 0 native plugins for Editor in 0.00 ms.
Unloading 14 Unused Serialized files (Serialized files now loaded: 0)
Unloading 7208 unused Assets / (8.6 MB). Loaded Objects now: 8008.
Memory consumption went from 146.3 MB to 137.7 MB.
Total: 102.476100 ms (FindLiveObjects: 1.720000 ms CreateObjectMapping: 2.087600 ms MarkObjects: 87.598000 ms  DeleteObjects: 11.066800 ms)

========================================================================
Received Prepare
'Packages/com.unity.cinemachine/Editor/Obsolete/CinemachineVirtualCameraBaseEditor.cs' contains partial class of Unity.Object, exactly 1 of the partial classes needs to be in a file with the same filename. This is to know the one that can be referenced from ie. GameObjects
'Packages/com.unity.cinemachine/Editor/Editors/CinemachineVirtualCameraBaseEditor.cs' contains partial class of Unity.Object, exactly 1 of the partial classes needs to be in a file with the same filename. This is to know the one that can be referenced from ie. GameObjects
Refreshing native plugins compatible for Editor in 3.52 ms, found 4 plugins.
Preloading 0 native plugins for Editor in 0.00 ms.
Unloading 14 Unused Serialized files (Serialized files now loaded: 0)
Unloading 7197 unused Assets / (5.0 MB). Loaded Objects now: 8009.
Memory consumption went from 143.9 MB to 138.9 MB.
Total: 51.869900 ms (FindLiveObjects: 2.276300 ms CreateObjectMapping: 2.872900 ms MarkObjects: 40.974400 ms  DeleteObjects: 5.743500 ms)

Prepare: number of updated asset objects reloaded= 0
========================================================================
Received Prepare
Assembly reference Packages/com.unity.cinemachine/Editor/Samples/ExposeHDRPInternals/HDRP-Editor-ref.asmref has no target assembly definition
Assembly reference Packages/com.unity.cinemachine/Editor/Samples/ExposeHDRPInternals/HDRP-Editor-ref.asmref has no target assembly definition
Begin MonoManager ReloadAssembly
- Loaded All Assemblies, in  1.492 seconds
Assembly reference Packages/com.unity.cinemachine/Editor/Samples/ExposeHDRPInternals/HDRP-Editor-ref.asmref has no target assembly definition
'Packages/com.unity.cinemachine/Editor/Obsolete/CinemachineVirtualCameraBaseEditor.cs' contains partial class of Unity.Object, exactly 1 of the partial classes needs to be in a file with the same filename. This is to know the one that can be referenced from ie. GameObjects
'Packages/com.unity.cinemachine/Editor/Editors/CinemachineVirtualCameraBaseEditor.cs' contains partial class of Unity.Object, exactly 1 of the partial classes needs to be in a file with the same filename. This is to know the one that can be referenced from ie. GameObjects
Refreshing native plugins compatible for Editor in 2.70 ms, found 4 plugins.
Native extension for WindowsStandalone target not found
Assembly reference Packages/com.unity.cinemachine/Editor/Samples/ExposeHDRPInternals/HDRP-Editor-ref.asmref has no target assembly definition
[Package Manager] Failed to launch server process. Reason: Unity was launched with the -noUpm command-line argument
[Package Manager] Unable to send message (not connected to server process).
[Package Manager] Cannot connect to Unity Package Manager local server
[Package Manager] Failed to launch server process. Reason: Unity was launched with the -noUpm command-line argument
[Package Manager] Unable to send message (not connected to server process).
[Package Manager] Cannot connect to Unity Package Manager local server
Mono: successfully reloaded assembly
- Finished resetting the current domain, in  2.069 seconds
Domain Reload Profiling: 3558ms
	BeginReloadAssembly (380ms)
		ExecutionOrderSort (0ms)
		DisableScriptedObjects (21ms)
		BackupInstance (0ms)
		ReleaseScriptingObjects (0ms)
		CreateAndSetChildDomain (106ms)
	RebuildCommonClasses (56ms)
	RebuildNativeTypeToScriptingClass (20ms)
	initialDomainReloadingComplete (56ms)
	LoadAllAssembliesAndSetupDomain (975ms)
		LoadAssemblies (744ms)
		RebuildTransferFunctionScriptingTraits (0ms)
		AnalyzeDomain (393ms)
			TypeCache.Refresh (25ms)
				TypeCache.ScanAssembly (1ms)
			BuildScriptInfoCaches (339ms)
			ResolveRequiredComponents (19ms)
	FinalizeReload (2070ms)
		ReleaseScriptCaches (0ms)
		RebuildScriptCaches (0ms)
		SetupLoadedEditorAssemblies (1814ms)
			LogAssemblyErrors (0ms)
			InitializePlatformSupportModulesInManaged (2ms)
			SetLoadedEditorAssemblies (9ms)
			BeforeProcessingInitializeOnLoad (260ms)
			ProcessInitializeOnLoadAttributes (1408ms)
			ProcessInitializeOnLoadMethodAttributes (117ms)
			AfterProcessingInitializeOnLoad (17ms)
			EditorAssembliesLoaded (1ms)
		ExecutionOrderSort2 (0ms)
		AwakeInstancesAfterBackupRestoration (25ms)
Refreshing native plugins compatible for Editor in 2.83 ms, found 4 plugins.
Preloading 0 native plugins for Editor in 0.00 ms.
Unloading 14 Unused Serialized files (Serialized files now loaded: 0)
Unloading 7207 unused Assets / (5.0 MB). Loaded Objects now: 8013.
Memory consumption went from 147.1 MB to 142.1 MB.
Total: 85.415200 ms (FindLiveObjects: 1.869200 ms CreateObjectMapping: 2.446500 ms MarkObjects: 75.491000 ms  DeleteObjects: 5.606500 ms)

Prepare: number of updated asset objects reloaded= 0
========================================================================
Received Prepare
'Packages/com.unity.cinemachine/Editor/Obsolete/CinemachineVirtualCameraBaseEditor.cs' contains partial class of Unity.Object, exactly 1 of the partial classes needs to be in a file with the same filename. This is to know the one that can be referenced from ie. GameObjects
'Packages/com.unity.cinemachine/Editor/Editors/CinemachineVirtualCameraBaseEditor.cs' contains partial class of Unity.Object, exactly 1 of the partial classes needs to be in a file with the same filename. This is to know the one that can be referenced from ie. GameObjects
Refreshing native plugins compatible for Editor in 3.68 ms, found 4 plugins.
Preloading 0 native plugins for Editor in 0.00 ms.
Unloading 14 Unused Serialized files (Serialized files now loaded: 0)
Unloading 7197 unused Assets / (8.3 MB). Loaded Objects now: 8013.
Memory consumption went from 147.2 MB to 139.0 MB.
Total: 103.639900 ms (FindLiveObjects: 1.727500 ms CreateObjectMapping: 2.263900 ms MarkObjects: 84.773900 ms  DeleteObjects: 14.872600 ms)

Prepare: number of updated asset objects reloaded= 0
========================================================================
Received Prepare
Assembly reference Packages/com.unity.cinemachine/Editor/Samples/ExposeHDRPInternals/HDRP-Editor-ref.asmref has no target assembly definition
Assembly reference Packages/com.unity.cinemachine/Editor/Samples/ExposeHDRPInternals/HDRP-Editor-ref.asmref has no target assembly definition
Begin MonoManager ReloadAssembly
- Loaded All Assemblies, in  1.393 seconds
Assembly reference Packages/com.unity.cinemachine/Editor/Samples/ExposeHDRPInternals/HDRP-Editor-ref.asmref has no target assembly definition
'Packages/com.unity.cinemachine/Editor/Obsolete/CinemachineVirtualCameraBaseEditor.cs' contains partial class of Unity.Object, exactly 1 of the partial classes needs to be in a file with the same filename. This is to know the one that can be referenced from ie. GameObjects
'Packages/com.unity.cinemachine/Editor/Editors/CinemachineVirtualCameraBaseEditor.cs' contains partial class of Unity.Object, exactly 1 of the partial classes needs to be in a file with the same filename. This is to know the one that can be referenced from ie. GameObjects
Refreshing native plugins compatible for Editor in 2.73 ms, found 4 plugins.
Native extension for WindowsStandalone target not found
Assembly reference Packages/com.unity.cinemachine/Editor/Samples/ExposeHDRPInternals/HDRP-Editor-ref.asmref has no target assembly definition
[Package Manager] Failed to launch server process. Reason: Unity was launched with the -noUpm command-line argument
[Package Manager] Unable to send message (not connected to server process).
[Package Manager] Cannot connect to Unity Package Manager local server
[Package Manager] Failed to launch server process. Reason: Unity was launched with the -noUpm command-line argument
[Package Manager] Unable to send message (not connected to server process).
[Package Manager] Cannot connect to Unity Package Manager local server
Mono: successfully reloaded assembly
- Finished resetting the current domain, in  1.947 seconds
Domain Reload Profiling: 3333ms
	BeginReloadAssembly (365ms)
		ExecutionOrderSort (0ms)
		DisableScriptedObjects (21ms)
		BackupInstance (0ms)
		ReleaseScriptingObjects (0ms)
		CreateAndSetChildDomain (97ms)
	RebuildCommonClasses (56ms)
	RebuildNativeTypeToScriptingClass (17ms)
	initialDomainReloadingComplete (60ms)
	LoadAllAssembliesAndSetupDomain (887ms)
		LoadAssemblies (699ms)
		RebuildTransferFunctionScriptingTraits (0ms)
		AnalyzeDomain (354ms)
			TypeCache.Refresh (22ms)
				TypeCache.ScanAssembly (0ms)
			BuildScriptInfoCaches (302ms)
			ResolveRequiredComponents (18ms)
	FinalizeReload (1948ms)
		ReleaseScriptCaches (0ms)
		RebuildScriptCaches (0ms)
		SetupLoadedEditorAssemblies (1714ms)
			LogAssemblyErrors (0ms)
			InitializePlatformSupportModulesInManaged (3ms)
			SetLoadedEditorAssemblies (9ms)
			BeforeProcessingInitializeOnLoad (239ms)
			ProcessInitializeOnLoadAttributes (1345ms)
			ProcessInitializeOnLoadMethodAttributes (103ms)
			AfterProcessingInitializeOnLoad (15ms)
			EditorAssembliesLoaded (1ms)
		ExecutionOrderSort2 (0ms)
		AwakeInstancesAfterBackupRestoration (21ms)
Refreshing native plugins compatible for Editor in 6.94 ms, found 4 plugins.
Preloading 0 native plugins for Editor in 0.00 ms.
Unloading 14 Unused Serialized files (Serialized files now loaded: 0)
Unloading 7207 unused Assets / (6.2 MB). Loaded Objects now: 8016.
Memory consumption went from 147.1 MB to 140.9 MB.
Total: 81.505000 ms (FindLiveObjects: 1.756400 ms CreateObjectMapping: 4.999000 ms MarkObjects: 67.353300 ms  DeleteObjects: 7.394600 ms)

Prepare: number of updated asset objects reloaded= 0
========================================================================
Received Import Request.
  Time since last request: 357816.635731 seconds.
  path: Assets/Scripts/PlayerMovement.cs
  artifactKey: Guid(8545053624fa6154e898d2f2d4ce849a) Importer(815301076,1909f56bfc062723c751e8b465ee728b)
Start importing Assets/Scripts/PlayerMovement.cs using Guid(8545053624fa6154e898d2f2d4ce849a) Importer(815301076,1909f56bfc062723c751e8b465ee728b) (PreviewImporter) -> (artifact id: '97ba8c08d9a5c19ea89cd3d5da0ddc68') in 0.0605517 seconds
Number of updated asset objects reloaded before import = 0Number of asset objects unloaded after import = 0

========================================================================
Received Prepare
Assembly reference Packages/com.unity.cinemachine/Editor/Samples/ExposeHDRPInternals/HDRP-Editor-ref.asmref has no target assembly definition
Assembly reference Packages/com.unity.cinemachine/Editor/Samples/ExposeHDRPInternals/HDRP-Editor-ref.asmref has no target assembly definition
Begin MonoManager ReloadAssembly
[Licensing::Client] Successfully resolved entitlement details
[Licensing::Module] License group:
  Id: F4-RHZR-CMD6-PD46-HR52-XXXX
  Product: Unity Personal
  Type: ULF
  Expiration: Unlimited
[Licensing::Module] License group:
  Id: 6872308939192-UnityPersXXXX
  Product: Unity Personal
  Type: Assigned
  Expiration: Unlimited
- Loaded All Assemblies, in  0.858 seconds
Assembly reference Packages/com.unity.cinemachine/Editor/Samples/ExposeHDRPInternals/HDRP-Editor-ref.asmref has no target assembly definition
'Packages/com.unity.cinemachine/Editor/Obsolete/CinemachineVirtualCameraBaseEditor.cs' contains partial class of Unity.Object, exactly 1 of the partial classes needs to be in a file with the same filename. This is to know the one that can be referenced from ie. GameObjects
'Packages/com.unity.cinemachine/Editor/Editors/CinemachineVirtualCameraBaseEditor.cs' contains partial class of Unity.Object, exactly 1 of the partial classes needs to be in a file with the same filename. This is to know the one that can be referenced from ie. GameObjects
Refreshing native plugins compatible for Editor in 1.62 ms, found 4 plugins.
Native extension for WindowsStandalone target not found
Assembly reference Packages/com.unity.cinemachine/Editor/Samples/ExposeHDRPInternals/HDRP-Editor-ref.asmref has no target assembly definition
[Package Manager] Failed to launch server process. Reason: Unity was launched with the -noUpm command-line argument
[Package Manager] Unable to send message (not connected to server process).
[Package Manager] Cannot connect to Unity Package Manager local server
[Package Manager] Failed to launch server process. Reason: Unity was launched with the -noUpm command-line argument
[Package Manager] Unable to send message (not connected to server process).
[Package Manager] Cannot connect to Unity Package Manager local server
Mono: successfully reloaded assembly
- Finished resetting the current domain, in  1.245 seconds
Domain Reload Profiling: 2102ms
	BeginReloadAssembly (253ms)
		ExecutionOrderSort (0ms)
		DisableScriptedObjects (15ms)
		BackupInstance (0ms)
		ReleaseScriptingObjects (0ms)
		CreateAndSetChildDomain (77ms)
	RebuildCommonClasses (35ms)
	RebuildNativeTypeToScriptingClass (12ms)
	initialDomainReloadingComplete (35ms)
	LoadAllAssembliesAndSetupDomain (521ms)
		LoadAssemblies (397ms)
		RebuildTransferFunctionScriptingTraits (0ms)
		AnalyzeDomain (223ms)
			TypeCache.Refresh (10ms)
				TypeCache.ScanAssembly (0ms)
			BuildScriptInfoCaches (194ms)
			ResolveRequiredComponents (11ms)
	FinalizeReload (1246ms)
		ReleaseScriptCaches (0ms)
		RebuildScriptCaches (0ms)
		SetupLoadedEditorAssemblies (1089ms)
			LogAssemblyErrors (0ms)
			InitializePlatformSupportModulesInManaged (2ms)
			SetLoadedEditorAssemblies (5ms)
			BeforeProcessingInitializeOnLoad (148ms)
			ProcessInitializeOnLoadAttributes (845ms)
			ProcessInitializeOnLoadMethodAttributes (80ms)
			AfterProcessingInitializeOnLoad (8ms)
			EditorAssembliesLoaded (0ms)
		ExecutionOrderSort2 (0ms)
		AwakeInstancesAfterBackupRestoration (14ms)
Refreshing native plugins compatible for Editor in 3.15 ms, found 4 plugins.
Preloading 0 native plugins for Editor in 0.00 ms.
Unloading 14 Unused Serialized files (Serialized files now loaded: 0)
Unloading 7207 unused Assets / (5.0 MB). Loaded Objects now: 8021.
Memory consumption went from 147.9 MB to 143.0 MB.
Total: 28.070700 ms (FindLiveObjects: 0.930000 ms CreateObjectMapping: 0.683900 ms MarkObjects: 23.208700 ms  DeleteObjects: 3.246700 ms)

Prepare: number of updated asset objects reloaded= 0
========================================================================
Received Prepare
Assembly reference Packages/com.unity.cinemachine/Editor/Samples/ExposeHDRPInternals/HDRP-Editor-ref.asmref has no target assembly definition
Assembly reference Packages/com.unity.cinemachine/Editor/Samples/ExposeHDRPInternals/HDRP-Editor-ref.asmref has no target assembly definition
Begin MonoManager ReloadAssembly
- Loaded All Assemblies, in  0.844 seconds
Assembly reference Packages/com.unity.cinemachine/Editor/Samples/ExposeHDRPInternals/HDRP-Editor-ref.asmref has no target assembly definition
'Packages/com.unity.cinemachine/Editor/Obsolete/CinemachineVirtualCameraBaseEditor.cs' contains partial class of Unity.Object, exactly 1 of the partial classes needs to be in a file with the same filename. This is to know the one that can be referenced from ie. GameObjects
'Packages/com.unity.cinemachine/Editor/Editors/CinemachineVirtualCameraBaseEditor.cs' contains partial class of Unity.Object, exactly 1 of the partial classes needs to be in a file with the same filename. This is to know the one that can be referenced from ie. GameObjects
Refreshing native plugins compatible for Editor in 1.93 ms, found 4 plugins.
Native extension for WindowsStandalone target not found
Assembly reference Packages/com.unity.cinemachine/Editor/Samples/ExposeHDRPInternals/HDRP-Editor-ref.asmref has no target assembly definition
[Package Manager] Failed to launch server process. Reason: Unity was launched with the -noUpm command-line argument
[Package Manager] Unable to send message (not connected to server process).
[Package Manager] Cannot connect to Unity Package Manager local server
[Package Manager] Failed to launch server process. Reason: Unity was launched with the -noUpm command-line argument
[Package Manager] Unable to send message (not connected to server process).
[Package Manager] Cannot connect to Unity Package Manager local server
Mono: successfully reloaded assembly
- Finished resetting the current domain, in  1.290 seconds
Domain Reload Profiling: 2134ms
	BeginReloadAssembly (243ms)
		ExecutionOrderSort (0ms)
		DisableScriptedObjects (14ms)
		BackupInstance (0ms)
		ReleaseScriptingObjects (0ms)
		CreateAndSetChildDomain (72ms)
	RebuildCommonClasses (35ms)
	RebuildNativeTypeToScriptingClass (12ms)
	initialDomainReloadingComplete (37ms)
	LoadAllAssembliesAndSetupDomain (516ms)
		LoadAssemblies (403ms)
		RebuildTransferFunctionScriptingTraits (0ms)
		AnalyzeDomain (210ms)
			TypeCache.Refresh (10ms)
				TypeCache.ScanAssembly (0ms)
			BuildScriptInfoCaches (183ms)
			ResolveRequiredComponents (11ms)
	FinalizeReload (1291ms)
		ReleaseScriptCaches (0ms)
		RebuildScriptCaches (0ms)
		SetupLoadedEditorAssemblies (1133ms)
			LogAssemblyErrors (0ms)
			InitializePlatformSupportModulesInManaged (2ms)
			SetLoadedEditorAssemblies (6ms)
			BeforeProcessingInitializeOnLoad (153ms)
			ProcessInitializeOnLoadAttributes (890ms)
			ProcessInitializeOnLoadMethodAttributes (73ms)
			AfterProcessingInitializeOnLoad (9ms)
			EditorAssembliesLoaded (0ms)
		ExecutionOrderSort2 (0ms)
		AwakeInstancesAfterBackupRestoration (15ms)
Refreshing native plugins compatible for Editor in 3.19 ms, found 4 plugins.
Preloading 0 native plugins for Editor in 0.00 ms.
Unloading 14 Unused Serialized files (Serialized files now loaded: 0)
Unloading 7207 unused Assets / (4.9 MB). Loaded Objects now: 8024.
Memory consumption went from 148.0 MB to 143.1 MB.
Total: 27.521300 ms (FindLiveObjects: 0.861900 ms CreateObjectMapping: 1.103600 ms MarkObjects: 22.630100 ms  DeleteObjects: 2.924700 ms)

Prepare: number of updated asset objects reloaded= 0
========================================================================
Received Import Request.
  Time since last request: 113.962175 seconds.
  path: Assets/Scripts/RoomFirstGenerator.cs
  artifactKey: Guid(d532708e51506ed4bacfa674758f479a) Importer(815301076,1909f56bfc062723c751e8b465ee728b)
Start importing Assets/Scripts/RoomFirstGenerator.cs using Guid(d532708e51506ed4bacfa674758f479a) Importer(815301076,1909f56bfc062723c751e8b465ee728b) (PreviewImporter) -> (artifact id: '9c66c4c446c20785c13cd1e92382334e') in 0.0129029 seconds
Number of updated asset objects reloaded before import = 0Number of asset objects unloaded after import = 0

========================================================================
Received Prepare
Assembly reference Packages/com.unity.cinemachine/Editor/Samples/ExposeHDRPInternals/HDRP-Editor-ref.asmref has no target assembly definition
Assembly reference Packages/com.unity.cinemachine/Editor/Samples/ExposeHDRPInternals/HDRP-Editor-ref.asmref has no target assembly definition
Begin MonoManager ReloadAssembly
[Licensing::Client] Successfully resolved entitlement details
[Licensing::Module] License group:
  Id: F4-RHZR-CMD6-PD46-HR52-XXXX
  Product: Unity Personal
  Type: ULF
  Expiration: Unlimited
[Licensing::Module] License group:
  Id: 6872308939192-UnityPersXXXX
  Product: Unity Personal
  Type: Assigned
  Expiration: Unlimited
- Loaded All Assemblies, in  0.866 seconds
Assembly reference Packages/com.unity.cinemachine/Editor/Samples/ExposeHDRPInternals/HDRP-Editor-ref.asmref has no target assembly definition
'Packages/com.unity.cinemachine/Editor/Obsolete/CinemachineVirtualCameraBaseEditor.cs' contains partial class of Unity.Object, exactly 1 of the partial classes needs to be in a file with the same filename. This is to know the one that can be referenced from ie. GameObjects
'Packages/com.unity.cinemachine/Editor/Editors/CinemachineVirtualCameraBaseEditor.cs' contains partial class of Unity.Object, exactly 1 of the partial classes needs to be in a file with the same filename. This is to know the one that can be referenced from ie. GameObjects
Refreshing native plugins compatible for Editor in 1.80 ms, found 4 plugins.
Native extension for WindowsStandalone target not found
Assembly reference Packages/com.unity.cinemachine/Editor/Samples/ExposeHDRPInternals/HDRP-Editor-ref.asmref has no target assembly definition
[Package Manager] Failed to launch server process. Reason: Unity was launched with the -noUpm command-line argument
[Package Manager] Unable to send message (not connected to server process).
[Package Manager] Cannot connect to Unity Package Manager local server
[Package Manager] Failed to launch server process. Reason: Unity was launched with the -noUpm command-line argument
[Package Manager] Unable to send message (not connected to server process).
[Package Manager] Cannot connect to Unity Package Manager local server
Mono: successfully reloaded assembly
- Finished resetting the current domain, in  1.390 seconds
Domain Reload Profiling: 2256ms
	BeginReloadAssembly (250ms)
		ExecutionOrderSort (0ms)
		DisableScriptedObjects (15ms)
		BackupInstance (0ms)
		ReleaseScriptingObjects (0ms)
		CreateAndSetChildDomain (75ms)
	RebuildCommonClasses (35ms)
	RebuildNativeTypeToScriptingClass (12ms)
	initialDomainReloadingComplete (38ms)
	LoadAllAssembliesAndSetupDomain (531ms)
		LoadAssemblies (418ms)
		RebuildTransferFunctionScriptingTraits (0ms)
		AnalyzeDomain (214ms)
			TypeCache.Refresh (7ms)
				TypeCache.ScanAssembly (0ms)
			BuildScriptInfoCaches (188ms)
			ResolveRequiredComponents (12ms)
	FinalizeReload (1391ms)
		ReleaseScriptCaches (0ms)
		RebuildScriptCaches (0ms)
		SetupLoadedEditorAssemblies (1233ms)
			LogAssemblyErrors (0ms)
			InitializePlatformSupportModulesInManaged (2ms)
			SetLoadedEditorAssemblies (5ms)
			BeforeProcessingInitializeOnLoad (150ms)
			ProcessInitializeOnLoadAttributes (980ms)
			ProcessInitializeOnLoadMethodAttributes (85ms)
			AfterProcessingInitializeOnLoad (11ms)
			EditorAssembliesLoaded (0ms)
		ExecutionOrderSort2 (0ms)
		AwakeInstancesAfterBackupRestoration (15ms)
Refreshing native plugins compatible for Editor in 3.53 ms, found 4 plugins.
Preloading 0 native plugins for Editor in 0.00 ms.
Unloading 14 Unused Serialized files (Serialized files now loaded: 0)
Unloading 7207 unused Assets / (4.9 MB). Loaded Objects now: 8027.
Memory consumption went from 148.0 MB to 143.1 MB.
Total: 39.257700 ms (FindLiveObjects: 1.603800 ms CreateObjectMapping: 2.190300 ms MarkObjects: 31.743700 ms  DeleteObjects: 3.717800 ms)

Prepare: number of updated asset objects reloaded= 0
========================================================================
Received Prepare
Assembly reference Packages/com.unity.cinemachine/Editor/Samples/ExposeHDRPInternals/HDRP-Editor-ref.asmref has no target assembly definition
Assembly reference Packages/com.unity.cinemachine/Editor/Samples/ExposeHDRPInternals/HDRP-Editor-ref.asmref has no target assembly definition
Begin MonoManager ReloadAssembly
[Licensing::Client] Successfully resolved entitlement details
[Licensing::Module] License group:
  Id: F4-RHZR-CMD6-PD46-HR52-XXXX
  Product: Unity Personal
  Type: ULF
  Expiration: Unlimited
[Licensing::Module] License group:
  Id: 6872308939192-UnityPersXXXX
  Product: Unity Personal
  Type: Assigned
  Expiration: Unlimited
- Loaded All Assemblies, in  0.858 seconds
Assembly reference Packages/com.unity.cinemachine/Editor/Samples/ExposeHDRPInternals/HDRP-Editor-ref.asmref has no target assembly definition
'Packages/com.unity.cinemachine/Editor/Obsolete/CinemachineVirtualCameraBaseEditor.cs' contains partial class of Unity.Object, exactly 1 of the partial classes needs to be in a file with the same filename. This is to know the one that can be referenced from ie. GameObjects
'Packages/com.unity.cinemachine/Editor/Editors/CinemachineVirtualCameraBaseEditor.cs' contains partial class of Unity.Object, exactly 1 of the partial classes needs to be in a file with the same filename. This is to know the one that can be referenced from ie. GameObjects
Refreshing native plugins compatible for Editor in 1.88 ms, found 4 plugins.
Native extension for WindowsStandalone target not found
Assembly reference Packages/com.unity.cinemachine/Editor/Samples/ExposeHDRPInternals/HDRP-Editor-ref.asmref has no target assembly definition
[Package Manager] Failed to launch server process. Reason: Unity was launched with the -noUpm command-line argument
[Package Manager] Unable to send message (not connected to server process).
[Package Manager] Cannot connect to Unity Package Manager local server
[Package Manager] Failed to launch server process. Reason: Unity was launched with the -noUpm command-line argument
[Package Manager] Unable to send message (not connected to server process).
[Package Manager] Cannot connect to Unity Package Manager local server
Mono: successfully reloaded assembly
- Finished resetting the current domain, in  1.304 seconds
Domain Reload Profiling: 2161ms
	BeginReloadAssembly (241ms)
		ExecutionOrderSort (0ms)
		DisableScriptedObjects (15ms)
		BackupInstance (0ms)
		ReleaseScriptingObjects (0ms)
		CreateAndSetChildDomain (68ms)
	RebuildCommonClasses (36ms)
	RebuildNativeTypeToScriptingClass (12ms)
	initialDomainReloadingComplete (36ms)
	LoadAllAssembliesAndSetupDomain (533ms)
		LoadAssemblies (412ms)
		RebuildTransferFunctionScriptingTraits (0ms)
		AnalyzeDomain (216ms)
			TypeCache.Refresh (7ms)
				TypeCache.ScanAssembly (0ms)
			BuildScriptInfoCaches (191ms)
			ResolveRequiredComponents (13ms)
	FinalizeReload (1305ms)
		ReleaseScriptCaches (0ms)
		RebuildScriptCaches (0ms)
		SetupLoadedEditorAssemblies (1145ms)
			LogAssemblyErrors (0ms)
			InitializePlatformSupportModulesInManaged (2ms)
			SetLoadedEditorAssemblies (6ms)
			BeforeProcessingInitializeOnLoad (151ms)
			ProcessInitializeOnLoadAttributes (897ms)
			ProcessInitializeOnLoadMethodAttributes (81ms)
			AfterProcessingInitializeOnLoad (9ms)
			EditorAssembliesLoaded (0ms)
		ExecutionOrderSort2 (0ms)
		AwakeInstancesAfterBackupRestoration (16ms)
Refreshing native plugins compatible for Editor in 3.13 ms, found 4 plugins.
Preloading 0 native plugins for Editor in 0.00 ms.
Unloading 14 Unused Serialized files (Serialized files now loaded: 0)
Unloading 7207 unused Assets / (4.8 MB). Loaded Objects now: 8030.
Memory consumption went from 148.0 MB to 143.2 MB.
Total: 40.008100 ms (FindLiveObjects: 1.722700 ms CreateObjectMapping: 2.587100 ms MarkObjects: 31.488400 ms  DeleteObjects: 4.208600 ms)

Prepare: number of updated asset objects reloaded= 0
========================================================================
Received Prepare
Assembly reference Packages/com.unity.cinemachine/Editor/Samples/ExposeHDRPInternals/HDRP-Editor-ref.asmref has no target assembly definition
Assembly reference Packages/com.unity.cinemachine/Editor/Samples/ExposeHDRPInternals/HDRP-Editor-ref.asmref has no target assembly definition
Begin MonoManager ReloadAssembly
- Loaded All Assemblies, in  0.847 seconds
Assembly reference Packages/com.unity.cinemachine/Editor/Samples/ExposeHDRPInternals/HDRP-Editor-ref.asmref has no target assembly definition
'Packages/com.unity.cinemachine/Editor/Obsolete/CinemachineVirtualCameraBaseEditor.cs' contains partial class of Unity.Object, exactly 1 of the partial classes needs to be in a file with the same filename. This is to know the one that can be referenced from ie. GameObjects
'Packages/com.unity.cinemachine/Editor/Editors/CinemachineVirtualCameraBaseEditor.cs' contains partial class of Unity.Object, exactly 1 of the partial classes needs to be in a file with the same filename. This is to know the one that can be referenced from ie. GameObjects
Refreshing native plugins compatible for Editor in 1.89 ms, found 4 plugins.
Native extension for WindowsStandalone target not found
Assembly reference Packages/com.unity.cinemachine/Editor/Samples/ExposeHDRPInternals/HDRP-Editor-ref.asmref has no target assembly definition
[Package Manager] Failed to launch server process. Reason: Unity was launched with the -noUpm command-line argument
[Package Manager] Unable to send message (not connected to server process).
[Package Manager] Cannot connect to Unity Package Manager local server
[Package Manager] Failed to launch server process. Reason: Unity was launched with the -noUpm command-line argument
[Package Manager] Unable to send message (not connected to server process).
[Package Manager] Cannot connect to Unity Package Manager local server
Mono: successfully reloaded assembly
- Finished resetting the current domain, in  1.212 seconds
Domain Reload Profiling: 2056ms
	BeginReloadAssembly (234ms)
		ExecutionOrderSort (0ms)
		DisableScriptedObjects (14ms)
		BackupInstance (0ms)
		ReleaseScriptingObjects (0ms)
		CreateAndSetChildDomain (67ms)
	RebuildCommonClasses (37ms)
	RebuildNativeTypeToScriptingClass (12ms)
	initialDomainReloadingComplete (36ms)
	LoadAllAssembliesAndSetupDomain (526ms)
		LoadAssemblies (408ms)
		RebuildTransferFunctionScriptingTraits (0ms)
		AnalyzeDomain (213ms)
			TypeCache.Refresh (7ms)
				TypeCache.ScanAssembly (0ms)
			BuildScriptInfoCaches (187ms)
			ResolveRequiredComponents (11ms)
	FinalizeReload (1212ms)
		ReleaseScriptCaches (0ms)
		RebuildScriptCaches (0ms)
		SetupLoadedEditorAssemblies (1060ms)
			LogAssemblyErrors (0ms)
			InitializePlatformSupportModulesInManaged (2ms)
			SetLoadedEditorAssemblies (6ms)
			BeforeProcessingInitializeOnLoad (150ms)
			ProcessInitializeOnLoadAttributes (821ms)
			ProcessInitializeOnLoadMethodAttributes (72ms)
			AfterProcessingInitializeOnLoad (9ms)
			EditorAssembliesLoaded (0ms)
		ExecutionOrderSort2 (0ms)
		AwakeInstancesAfterBackupRestoration (14ms)
Refreshing native plugins compatible for Editor in 3.67 ms, found 4 plugins.
Preloading 0 native plugins for Editor in 0.00 ms.
Unloading 14 Unused Serialized files (Serialized files now loaded: 0)
Unloading 7207 unused Assets / (4.5 MB). Loaded Objects now: 8033.
Memory consumption went from 148.1 MB to 143.6 MB.
Total: 33.495800 ms (FindLiveObjects: 1.638000 ms CreateObjectMapping: 2.360100 ms MarkObjects: 26.531100 ms  DeleteObjects: 2.963300 ms)

Prepare: number of updated asset objects reloaded= 0
========================================================================
Received Import Request.
  Time since last request: 233.321322 seconds.
  path: Assets/Scripts/DungeonGenerator.cs
  artifactKey: Guid(fb90382fd40947546905a568dec06522) Importer(2089858483,192608db42251d675da83286b1cce702)
Start importing Assets/Scripts/DungeonGenerator.cs using Guid(fb90382fd40947546905a568dec06522) Importer(2089858483,192608db42251d675da83286b1cce702) (ScriptedImporter) -> (artifact id: '812112fef432509a592ef54c40e2ef46') in 0.2762599 seconds
Number of updated asset objects reloaded before import = 0Number of asset objects unloaded after import = 0

========================================================================
Received Import Request.
  Time since last request: 0.000027 seconds.
  path: Assets/Art/TilePallette/BiomeTiles/Gemini_Generated_Image_62b3pr62b3pr62b3_177.asset
  artifactKey: Guid(51f08830a18098c458512123061b7271) Importer(2089858483,192608db42251d675da83286b1cce702)
Start importing Assets/Art/TilePallette/BiomeTiles/Gemini_Generated_Image_62b3pr62b3pr62b3_177.asset using Guid(51f08830a18098c458512123061b7271) Importer(2089858483,192608db42251d675da83286b1cce702) (ScriptedImporter) -> (artifact id: '3c39b181a8f606a57ccfbc677ade02e9') in 0.0420386 seconds
Number of updated asset objects reloaded before import = 0Number of asset objects unloaded after import = 2

========================================================================
Received Import Request.
  Time since last request: 0.000029 seconds.
  path: Assets/Art/TilePallette/BiomeTiles/Gemini_Generated_Image_62b3pr62b3pr62b3_174.asset
  artifactKey: Guid(2e634b9e0b120e448b9356e249ac283a) Importer(2089858483,192608db42251d675da83286b1cce702)
Start importing Assets/Art/TilePallette/BiomeTiles/Gemini_Generated_Image_62b3pr62b3pr62b3_174.asset using Guid(2e634b9e0b120e448b9356e249ac283a) Importer(2089858483,192608db42251d675da83286b1cce702) (ScriptedImporter) -> (artifact id: '7be76ac7c05385dc69296692fbab72b9') in 0.0161253 seconds
Number of updated asset objects reloaded before import = 0Number of asset objects unloaded after import = 2

========================================================================
Received Import Request.
  Time since last request: 0.000019 seconds.
  path: Assets/Art/TilePallette/BiomeTiles/Gemini_Generated_Image_62b3pr62b3pr62b3_179.asset
  artifactKey: Guid(222c07fcc00715840afeaf16a4a99d56) Importer(2089858483,192608db42251d675da83286b1cce702)
Start importing Assets/Art/TilePallette/BiomeTiles/Gemini_Generated_Image_62b3pr62b3pr62b3_179.asset using Guid(222c07fcc00715840afeaf16a4a99d56) Importer(2089858483,192608db42251d675da83286b1cce702) (ScriptedImporter) -> (artifact id: '6a43628a63976fc548d7ebae42541d60') in 0.0121458 seconds
Number of updated asset objects reloaded before import = 0Number of asset objects unloaded after import = 2

========================================================================
Received Import Request.
  Time since last request: 0.000022 seconds.
  path: Assets/Art/TilePallette/BiomeTiles/Gemini_Generated_Image_62b3pr62b3pr62b3_168.asset
  artifactKey: Guid(6b868b4493a579244b40077137a81359) Importer(2089858483,192608db42251d675da83286b1cce702)
Start importing Assets/Art/TilePallette/BiomeTiles/Gemini_Generated_Image_62b3pr62b3pr62b3_168.asset using Guid(6b868b4493a579244b40077137a81359) Importer(2089858483,192608db42251d675da83286b1cce702) (ScriptedImporter) -> (artifact id: 'f0f8076b56d87844382967b6a31e6a45') in 0.0150912 seconds
Number of updated asset objects reloaded before import = 0Number of asset objects unloaded after import = 2

========================================================================
Received Import Request.
  Time since last request: 0.000018 seconds.
  path: Assets/TextMesh Pro/Shaders/TMP_SDF.shader
  artifactKey: Guid(68e6db2ebdc24f95958faec2be5558d6) Importer(2089858483,192608db42251d675da83286b1cce702)
Start importing Assets/TextMesh Pro/Shaders/TMP_SDF.shader using Guid(68e6db2ebdc24f95958faec2be5558d6) Importer(2089858483,192608db42251d675da83286b1cce702) (ScriptedImporter) -> (artifact id: 'c0ddd6bfc3ebd43991047e37bd60b457') in 0.0180689 seconds
Number of updated asset objects reloaded before import = 0Number of asset objects unloaded after import = 1

========================================================================
Received Import Request.
  Time since last request: 0.000026 seconds.
  path: Assets/Art/TilePallette/BiomeTiles/Gemini_Generated_Image_62b3pr62b3pr62b3_181.asset
  artifactKey: Guid(16685d54e1f20b340a8230aada3c6740) Importer(2089858483,192608db42251d675da83286b1cce702)
Start importing Assets/Art/TilePallette/BiomeTiles/Gemini_Generated_Image_62b3pr62b3pr62b3_181.asset using Guid(16685d54e1f20b340a8230aada3c6740) Importer(2089858483,192608db42251d675da83286b1cce702) (ScriptedImporter) -> (artifact id: '4cd4894356d87fb40a5133d2dd5abf6a') in 0.0186145 seconds
Number of updated asset objects reloaded before import = 0Number of asset objects unloaded after import = 2

========================================================================
Received Import Request.
  Time since last request: 0.000035 seconds.
  path: Assets/Art/TilePallette/TileSheet_74.asset
  artifactKey: Guid(90c4c12478ef0354786fc941491f3421) Importer(2089858483,192608db42251d675da83286b1cce702)
Start importing Assets/Art/TilePallette/TileSheet_74.asset using Guid(90c4c12478ef0354786fc941491f3421) Importer(2089858483,192608db42251d675da83286b1cce702) (ScriptedImporter) -> (artifact id: '864449405f3fd66c50d1f0b42b05ff70') in 0.014398 seconds
Number of updated asset objects reloaded before import = 0Number of asset objects unloaded after import = 2

========================================================================
Received Import Request.
  Time since last request: 0.000022 seconds.
  path: Assets/Art/TilePallette/TileSheet_58.asset
  artifactKey: Guid(078aa8164f31cde4b85754843f6c1645) Importer(2089858483,192608db42251d675da83286b1cce702)
Start importing Assets/Art/TilePallette/TileSheet_58.asset using Guid(078aa8164f31cde4b85754843f6c1645) Importer(2089858483,192608db42251d675da83286b1cce702) (ScriptedImporter) -> (artifact id: 'c671e56f9e6b88a3dfa923e411c5d90b') in 0.0147189 seconds
Number of updated asset objects reloaded before import = 0Number of asset objects unloaded after import = 2

========================================================================
Received Import Request.
  Time since last request: 0.000024 seconds.
  path: Assets/TextMesh Pro/Shaders/TMP_SDF-Surface-Mobile.shader
  artifactKey: Guid(85187c2149c549c5b33f0cdb02836b17) Importer(2089858483,192608db42251d675da83286b1cce702)
Start importing Assets/TextMesh Pro/Shaders/TMP_SDF-Surface-Mobile.shader using Guid(85187c2149c549c5b33f0cdb02836b17) Importer(2089858483,192608db42251d675da83286b1cce702) (ScriptedImporter) -> (artifact id: '05902689665ee132000dfb2ad1f67fb3') in 0.0143977 seconds
Number of updated asset objects reloaded before import = 0Number of asset objects unloaded after import = 1

========================================================================
Received Import Request.
  Time since last request: 0.000019 seconds.
  path: Assets/Art/TilePallette/BiomeTiles/Gemini_Generated_Image_62b3pr62b3pr62b3_238.asset
  artifactKey: Guid(131844fbe473ae84da9664c9d690cce5) Importer(2089858483,192608db42251d675da83286b1cce702)
Start importing Assets/Art/TilePallette/BiomeTiles/Gemini_Generated_Image_62b3pr62b3pr62b3_238.asset using Guid(131844fbe473ae84da9664c9d690cce5) Importer(2089858483,192608db42251d675da83286b1cce702) (ScriptedImporter) -> (artifact id: '70589880283776eda0095b0b0674c964') in 0.0161614 seconds
Number of updated asset objects reloaded before import = 0Number of asset objects unloaded after import = 2

========================================================================
Received Import Request.
  Time since last request: 0.000038 seconds.
  path: Assets/Art/TilePallette/BiomeTiles/Gemini_Generated_Image_62b3pr62b3pr62b3_23.asset
  artifactKey: Guid(5892f02db4d328f45ba6ec724fc5809a) Importer(2089858483,192608db42251d675da83286b1cce702)
Start importing Assets/Art/TilePallette/BiomeTiles/Gemini_Generated_Image_62b3pr62b3pr62b3_23.asset using Guid(5892f02db4d328f45ba6ec724fc5809a) Importer(2089858483,192608db42251d675da83286b1cce702) (ScriptedImporter) -> (artifact id: '3374fac2911a0aa0555aa5427c3a3137') in 0.0135885 seconds
Number of updated asset objects reloaded before import = 0Number of asset objects unloaded after import = 2

========================================================================
Received Import Request.
  Time since last request: 0.000025 seconds.
  path: Assets/Art/TilePallette/BiomeTiles/Gemini_Generated_Image_62b3pr62b3pr62b3_220.asset
  artifactKey: Guid(cbf5f1b271264bb4583ad6e2a30ce1d5) Importer(2089858483,192608db42251d675da83286b1cce702)
Start importing Assets/Art/TilePallette/BiomeTiles/Gemini_Generated_Image_62b3pr62b3pr62b3_220.asset using Guid(cbf5f1b271264bb4583ad6e2a30ce1d5) Importer(2089858483,192608db42251d675da83286b1cce702) (ScriptedImporter) -> (artifact id: 'b91fedd4b924b11cae1288dbe3c68050') in 0.0168674 seconds
Number of updated asset objects reloaded before import = 0Number of asset objects unloaded after import = 2

========================================================================
Received Import Request.
  Time since last request: 0.000021 seconds.
  path: Assets/Art/TilePallette/BiomeTiles/Gemini_Generated_Image_62b3pr62b3pr62b3_235.asset
  artifactKey: Guid(9807e9d7a1373cc4db64da198a924541) Importer(2089858483,192608db42251d675da83286b1cce702)
Start importing Assets/Art/TilePallette/BiomeTiles/Gemini_Generated_Image_62b3pr62b3pr62b3_235.asset using Guid(9807e9d7a1373cc4db64da198a924541) Importer(2089858483,192608db42251d675da83286b1cce702) (ScriptedImporter) -> (artifact id: '170410a702fe761d23122257ed577762') in 0.0154557 seconds
Number of updated asset objects reloaded before import = 0Number of asset objects unloaded after import = 2

========================================================================
Received Import Request.
  Time since last request: 0.000027 seconds.
  path: Assets/Art/TilePallette/BiomeTiles/Gemini_Generated_Image_62b3pr62b3pr62b3_236.asset
  artifactKey: Guid(e68d5a7a1b35e4848a2ccaddcff2b9ff) Importer(2089858483,192608db42251d675da83286b1cce702)
Start importing Assets/Art/TilePallette/BiomeTiles/Gemini_Generated_Image_62b3pr62b3pr62b3_236.asset using Guid(e68d5a7a1b35e4848a2ccaddcff2b9ff) Importer(2089858483,192608db42251d675da83286b1cce702) (ScriptedImporter) -> (artifact id: '724207814b63a4b91e851e54d27ccb32') in 0.0160023 seconds
Number of updated asset objects reloaded before import = 0Number of asset objects unloaded after import = 2

========================================================================
Received Import Request.
  Time since last request: 0.000056 seconds.
  path: Assets/Art/TilePallette/BiomeTiles/Gemini_Generated_Image_62b3pr62b3pr62b3_200.asset
  artifactKey: Guid(2c69f63184892ac4d995da9944cd5ee7) Importer(2089858483,192608db42251d675da83286b1cce702)
Start importing Assets/Art/TilePallette/BiomeTiles/Gemini_Generated_Image_62b3pr62b3pr62b3_200.asset using Guid(2c69f63184892ac4d995da9944cd5ee7) Importer(2089858483,192608db42251d675da83286b1cce702) (ScriptedImporter) -> (artifact id: 'd77cab565f393685801600ba05fc6ea5') in 0.0154272 seconds
Number of updated asset objects reloaded before import = 0Number of asset objects unloaded after import = 2

========================================================================
Received Import Request.
  Time since last request: 0.000032 seconds.
  path: Assets/Art/TilePallette/BiomeTiles/Gemini_Generated_Image_62b3pr62b3pr62b3_22.asset
  artifactKey: Guid(ff7d7bba5d37e5840831834d09fbb3fc) Importer(2089858483,192608db42251d675da83286b1cce702)
Start importing Assets/Art/TilePallette/BiomeTiles/Gemini_Generated_Image_62b3pr62b3pr62b3_22.asset using Guid(ff7d7bba5d37e5840831834d09fbb3fc) Importer(2089858483,192608db42251d675da83286b1cce702) (ScriptedImporter) -> (artifact id: '22a1a441333bad6a9c2ec720c68c93df') in 0.0194401 seconds
Number of updated asset objects reloaded before import = 0Number of asset objects unloaded after import = 2

========================================================================
Received Import Request.
  Time since last request: 0.000061 seconds.
  path: Assets/Art/TilePallette/BiomeTiles/Gemini_Generated_Image_62b3pr62b3pr62b3_210.asset
  artifactKey: Guid(c0b2680a6e8acbc44991b203003484d2) Importer(2089858483,192608db42251d675da83286b1cce702)
Start importing Assets/Art/TilePallette/BiomeTiles/Gemini_Generated_Image_62b3pr62b3pr62b3_210.asset using Guid(c0b2680a6e8acbc44991b203003484d2) Importer(2089858483,192608db42251d675da83286b1cce702) (ScriptedImporter) -> (artifact id: '8e7b2147eda810e237b9d117f2b4faa4') in 0.0193262 seconds
Number of updated asset objects reloaded before import = 0Number of asset objects unloaded after import = 2

========================================================================
Received Import Request.
  Time since last request: 0.000059 seconds.
  path: Assets/Art/TilePallette/BiomeTiles/Gemini_Generated_Image_62b3pr62b3pr62b3_254.asset
  artifactKey: Guid(5ad5078c4e5f90c44be8f67e83623b1c) Importer(2089858483,192608db42251d675da83286b1cce702)
Start importing Assets/Art/TilePallette/BiomeTiles/Gemini_Generated_Image_62b3pr62b3pr62b3_254.asset using Guid(5ad5078c4e5f90c44be8f67e83623b1c) Importer(2089858483,192608db42251d675da83286b1cce702) (ScriptedImporter) -> (artifact id: '4196bdc5f3ed4cff94015d8cd52d951e') in 0.0244061 seconds
Number of updated asset objects reloaded before import = 0Number of asset objects unloaded after import = 2

========================================================================
Received Import Request.
  Time since last request: 0.000042 seconds.
  path: Assets/Art/TilePallette/BiomeTiles/Gemini_Generated_Image_62b3pr62b3pr62b3_201.asset
  artifactKey: Guid(2154f119d063f05468c2e3e97ea2cd6e) Importer(2089858483,192608db42251d675da83286b1cce702)
Start importing Assets/Art/TilePallette/BiomeTiles/Gemini_Generated_Image_62b3pr62b3pr62b3_201.asset using Guid(2154f119d063f05468c2e3e97ea2cd6e) Importer(2089858483,192608db42251d675da83286b1cce702) (ScriptedImporter) -> (artifact id: '197e43fa94e62f75eb3f92c4d03064af') in 0.0163003 seconds
Number of updated asset objects reloaded before import = 0Number of asset objects unloaded after import = 2

========================================================================
Received Import Request.
  Time since last request: 0.000018 seconds.
  path: Assets/Art/TilePallette/BiomeTiles/Gemini_Generated_Image_62b3pr62b3pr62b3_189.asset
  artifactKey: Guid(05a6522eda6a2904580f10307345260c) Importer(2089858483,192608db42251d675da83286b1cce702)
Start importing Assets/Art/TilePallette/BiomeTiles/Gemini_Generated_Image_62b3pr62b3pr62b3_189.asset using Guid(05a6522eda6a2904580f10307345260c) Importer(2089858483,192608db42251d675da83286b1cce702) (ScriptedImporter) -> (artifact id: 'eb57a566f60a2249ec60ff4e2eebb6f6') in 0.0140615 seconds
Number of updated asset objects reloaded before import = 0Number of asset objects unloaded after import = 2

========================================================================
Received Import Request.
  Time since last request: 0.000020 seconds.
  path: Assets/Art/TilePallette/BiomeTiles/Gemini_Generated_Image_62b3pr62b3pr62b3_224.asset
  artifactKey: Guid(ba348e9519922604ba7563f8f1866a80) Importer(2089858483,192608db42251d675da83286b1cce702)
Start importing Assets/Art/TilePallette/BiomeTiles/Gemini_Generated_Image_62b3pr62b3pr62b3_224.asset using Guid(ba348e9519922604ba7563f8f1866a80) Importer(2089858483,192608db42251d675da83286b1cce702) (ScriptedImporter) -> (artifact id: 'fba87ae676c1a2ffba76185ebcd69a2c') in 0.022013 seconds
Number of updated asset objects reloaded before import = 0Number of asset objects unloaded after import = 2

========================================================================
Received Import Request.
  Time since last request: 0.000024 seconds.
  path: Assets/Art/TilePallette/BiomeTiles/Gemini_Generated_Image_62b3pr62b3pr62b3_230.asset
  artifactKey: Guid(69e95cf1e1cfe3b4994f4d66051d78d3) Importer(2089858483,192608db42251d675da83286b1cce702)
Start importing Assets/Art/TilePallette/BiomeTiles/Gemini_Generated_Image_62b3pr62b3pr62b3_230.asset using Guid(69e95cf1e1cfe3b4994f4d66051d78d3) Importer(2089858483,192608db42251d675da83286b1cce702) (ScriptedImporter) -> (artifact id: 'dff2a5570c2565ef25db726164a12e01') in 0.0230318 seconds
Number of updated asset objects reloaded before import = 0Number of asset objects unloaded after import = 2

========================================================================
Received Import Request.
  Time since last request: 0.000031 seconds.
  path: Assets/Art/TilePallette/BiomeTiles/Gemini_Generated_Image_62b3pr62b3pr62b3_231.asset
  artifactKey: Guid(aab28b2e656e329478705964b64a2fac) Importer(2089858483,192608db42251d675da83286b1cce702)
Start importing Assets/Art/TilePallette/BiomeTiles/Gemini_Generated_Image_62b3pr62b3pr62b3_231.asset using Guid(aab28b2e656e329478705964b64a2fac) Importer(2089858483,192608db42251d675da83286b1cce702) (ScriptedImporter) -> (artifact id: 'ac666f3d48ad8cb05464e13477568379') in 0.0175798 seconds
Number of updated asset objects reloaded before import = 0Number of asset objects unloaded after import = 2

========================================================================
Received Import Request.
  Time since last request: 0.000019 seconds.
  path: Assets/Art/TilePallette/BiomeTiles/Gemini_Generated_Image_62b3pr62b3pr62b3_34.asset
  artifactKey: Guid(27c3f22ab6911f94097962199feb8be2) Importer(2089858483,192608db42251d675da83286b1cce702)
Start importing Assets/Art/TilePallette/BiomeTiles/Gemini_Generated_Image_62b3pr62b3pr62b3_34.asset using Guid(27c3f22ab6911f94097962199feb8be2) Importer(2089858483,192608db42251d675da83286b1cce702) (ScriptedImporter) -> (artifact id: '16ab7a4bd39c3551f6b67e17e45fef4f') in 0.0145487 seconds
Number of updated asset objects reloaded before import = 0Number of asset objects unloaded after import = 2

========================================================================
Received Import Request.
  Time since last request: 0.000023 seconds.
  path: Assets/Art/TilePallette/TileSheet_86.asset
  artifactKey: Guid(702664fbcd5a9294ba476651b682364c) Importer(2089858483,192608db42251d675da83286b1cce702)
Start importing Assets/Art/TilePallette/TileSheet_86.asset using Guid(702664fbcd5a9294ba476651b682364c) Importer(2089858483,192608db42251d675da83286b1cce702) (ScriptedImporter) -> (artifact id: '605c639eef14f1e3f194be0731c8e8e7') in 0.0154607 seconds
Number of updated asset objects reloaded before import = 0Number of asset objects unloaded after import = 2

========================================================================
Received Import Request.
  Time since last request: 0.000022 seconds.
  path: Assets/TextMesh Pro/Sprites/EmojiOne.json
  artifactKey: Guid(8f05276190cf498a8153f6cbe761d4e6) Importer(2089858483,192608db42251d675da83286b1cce702)
Start importing Assets/TextMesh Pro/Sprites/EmojiOne.json using Guid(8f05276190cf498a8153f6cbe761d4e6) Importer(2089858483,192608db42251d675da83286b1cce702) (ScriptedImporter) -> (artifact id: '56b02a0bee8e7a5c78a1ab269fd06145') in 0.0133256 seconds
Number of updated asset objects reloaded before import = 0Number of asset objects unloaded after import = 1

========================================================================
Received Import Request.
  Time since last request: 0.000023 seconds.
  path: Assets/Art/TilePallette/BiomeTiles/Gemini_Generated_Image_62b3pr62b3pr62b3_250.asset
  artifactKey: Guid(bf2ca0d4d68106d4ba49e514cd2f7e9f) Importer(2089858483,192608db42251d675da83286b1cce702)
Start importing Assets/Art/TilePallette/BiomeTiles/Gemini_Generated_Image_62b3pr62b3pr62b3_250.asset using Guid(bf2ca0d4d68106d4ba49e514cd2f7e9f) Importer(2089858483,192608db42251d675da83286b1cce702) (ScriptedImporter) -> (artifact id: 'e5b51b2f2a35bd068acd6b432be2e2e5') in 0.0163166 seconds
Number of updated asset objects reloaded before import = 0Number of asset objects unloaded after import = 2

========================================================================
Received Import Request.
  Time since last request: 0.000033 seconds.
  path: Assets/Art/TilePallette/TileSheet_111.asset
  artifactKey: Guid(637853d8203d30342a5ecea576392ca1) Importer(2089858483,192608db42251d675da83286b1cce702)
Start importing Assets/Art/TilePallette/TileSheet_111.asset using Guid(637853d8203d30342a5ecea576392ca1) Importer(2089858483,192608db42251d675da83286b1cce702) (ScriptedImporter) -> (artifact id: '10c4429a7780227dad2794f2171d0d69') in 0.0156559 seconds
Number of updated asset objects reloaded before import = 0Number of asset objects unloaded after import = 2

========================================================================
Received Import Request.
  Time since last request: 0.000021 seconds.
  path: Assets/Art/TilePallette/TileSheet_104.asset
  artifactKey: Guid(db6bca019db2f96498a8dccbefb70211) Importer(2089858483,192608db42251d675da83286b1cce702)
Start importing Assets/Art/TilePallette/TileSheet_104.asset using Guid(db6bca019db2f96498a8dccbefb70211) Importer(2089858483,192608db42251d675da83286b1cce702) (ScriptedImporter) -> (artifact id: '68f17cf92acb05bc25e3b5d9582fe15a') in 0.0176629 seconds
Number of updated asset objects reloaded before import = 0Number of asset objects unloaded after import = 2

========================================================================
Received Import Request.
  Time since last request: 0.000025 seconds.
  path: Assets/Art/TilePallette/TileSheet_39.asset
  artifactKey: Guid(55da759a8fef22a4e8da98a4145f5d88) Importer(2089858483,192608db42251d675da83286b1cce702)
Start importing Assets/Art/TilePallette/TileSheet_39.asset using Guid(55da759a8fef22a4e8da98a4145f5d88) Importer(2089858483,192608db42251d675da83286b1cce702) (ScriptedImporter) -> (artifact id: '5ca5751a38a76dd5ff2703c4711b267c') in 0.0184549 seconds
Number of updated asset objects reloaded before import = 0Number of asset objects unloaded after import = 2

========================================================================
Received Import Request.
  Time since last request: 0.000025 seconds.
  path: Assets/Art/TilePallette/TileSheet_52.asset
  artifactKey: Guid(f8f18f3f551ea2a4da604b132045889b) Importer(2089858483,192608db42251d675da83286b1cce702)
Start importing Assets/Art/TilePallette/TileSheet_52.asset using Guid(f8f18f3f551ea2a4da604b132045889b) Importer(2089858483,192608db42251d675da83286b1cce702) (ScriptedImporter) -> (artifact id: '448d993c471d447edfda4559e7f5f20a') in 0.0147485 seconds
Number of updated asset objects reloaded before import = 0Number of asset objects unloaded after import = 2

========================================================================
Received Import Request.
  Time since last request: 0.000040 seconds.
  path: Assets/Art/TilePallette/BiomeTiles/Gemini_Generated_Image_62b3pr62b3pr62b3_40.asset
  artifactKey: Guid(cd8db689789924447a11fa1a04d70e14) Importer(2089858483,192608db42251d675da83286b1cce702)
Start importing Assets/Art/TilePallette/BiomeTiles/Gemini_Generated_Image_62b3pr62b3pr62b3_40.asset using Guid(cd8db689789924447a11fa1a04d70e14) Importer(2089858483,192608db42251d675da83286b1cce702) (ScriptedImporter) -> (artifact id: 'e6ad87a2212375a5c8b66dc563089a84') in 0.018794 seconds
Number of updated asset objects reloaded before import = 0Number of asset objects unloaded after import = 2

========================================================================
Received Import Request.
  Time since last request: 0.000026 seconds.
  path: Assets/Art/TilePallette/BiomeTiles/Gemini_Generated_Image_62b3pr62b3pr62b3_46.asset
  artifactKey: Guid(2972af53c801bae4e8846f2e289f93c3) Importer(2089858483,192608db42251d675da83286b1cce702)
Start importing Assets/Art/TilePallette/BiomeTiles/Gemini_Generated_Image_62b3pr62b3pr62b3_46.asset using Guid(2972af53c801bae4e8846f2e289f93c3) Importer(2089858483,192608db42251d675da83286b1cce702) (ScriptedImporter) -> (artifact id: 'e4673257c52136986cee45ee5a180fb0') in 0.0194199 seconds
Number of updated asset objects reloaded before import = 0Number of asset objects unloaded after import = 2

========================================================================
Received Import Request.
  Time since last request: 0.000021 seconds.
  path: Assets/Art/TilePallette/BiomeTiles/Gemini_Generated_Image_62b3pr62b3pr62b3_37.asset
  artifactKey: Guid(29d32631268127147b981d7944cb7587) Importer(2089858483,192608db42251d675da83286b1cce702)
Start importing Assets/Art/TilePallette/BiomeTiles/Gemini_Generated_Image_62b3pr62b3pr62b3_37.asset using Guid(29d32631268127147b981d7944cb7587) Importer(2089858483,192608db42251d675da83286b1cce702) (ScriptedImporter) -> (artifact id: '2b2376e10590c9f0c1c51eb5b28f498a') in 0.0143927 seconds
Number of updated asset objects reloaded before import = 0Number of asset objects unloaded after import = 2

========================================================================
Received Import Request.
  Time since last request: 0.000020 seconds.
  path: Assets/Art/TilePallette/BiomeTiles/Gemini_Generated_Image_62b3pr62b3pr62b3_221.asset
  artifactKey: Guid(077070a2076484046968cb3f0921c90a) Importer(2089858483,192608db42251d675da83286b1cce702)
Start importing Assets/Art/TilePallette/BiomeTiles/Gemini_Generated_Image_62b3pr62b3pr62b3_221.asset using Guid(077070a2076484046968cb3f0921c90a) Importer(2089858483,192608db42251d675da83286b1cce702) (ScriptedImporter) -> (artifact id: '6906133e76cc1ad3b237286ea87a62e8') in 0.0136063 seconds
Number of updated asset objects reloaded before import = 0Number of asset objects unloaded after import = 2

========================================================================
Received Import Request.
  Time since last request: 0.000030 seconds.
  path: Assets/Art/TilePallette/BiomeTiles/Gemini_Generated_Image_62b3pr62b3pr62b3_252.asset
  artifactKey: Guid(ee8db32b9ca292e4ca365bf630168dbc) Importer(2089858483,192608db42251d675da83286b1cce702)
Start importing Assets/Art/TilePallette/BiomeTiles/Gemini_Generated_Image_62b3pr62b3pr62b3_252.asset using Guid(ee8db32b9ca292e4ca365bf630168dbc) Importer(2089858483,192608db42251d675da83286b1cce702) (ScriptedImporter) -> (artifact id: '9b2051456cfec001a4bf957bf251330d') in 0.016554 seconds
Number of updated asset objects reloaded before import = 0Number of asset objects unloaded after import = 2

========================================================================
Received Import Request.
  Time since last request: 0.000023 seconds.
  path: Assets/Art/TilePallette/BiomeTiles/Gemini_Generated_Image_62b3pr62b3pr62b3_217.asset
  artifactKey: Guid(2cef3a6fe3c734747bcc545c621e8530) Importer(2089858483,192608db42251d675da83286b1cce702)
Start importing Assets/Art/TilePallette/BiomeTiles/Gemini_Generated_Image_62b3pr62b3pr62b3_217.asset using Guid(2cef3a6fe3c734747bcc545c621e8530) Importer(2089858483,192608db42251d675da83286b1cce702) (ScriptedImporter) -> (artifact id: 'f0f9b610b55888065b43cfbdc6abafaa') in 0.0194662 seconds
Number of updated asset objects reloaded before import = 0Number of asset objects unloaded after import = 2

========================================================================
Received Import Request.
  Time since last request: 0.000023 seconds.
  path: Assets/Art/TilePallette/BiomeTiles/Gemini_Generated_Image_62b3pr62b3pr62b3_60.asset
  artifactKey: Guid(eae896eb18bd0274da551da1e0a6f00c) Importer(2089858483,192608db42251d675da83286b1cce702)
Start importing Assets/Art/TilePallette/BiomeTiles/Gemini_Generated_Image_62b3pr62b3pr62b3_60.asset using Guid(eae896eb18bd0274da551da1e0a6f00c) Importer(2089858483,192608db42251d675da83286b1cce702) (ScriptedImporter) -> (artifact id: 'b8128a14304e190ebf2ddcb8edebc052') in 0.0181629 seconds
Number of updated asset objects reloaded before import = 0Number of asset objects unloaded after import = 2

========================================================================
Received Import Request.
  Time since last request: 0.000023 seconds.
  path: Assets/Art/TilePallette/BiomeTiles/Gemini_Generated_Image_62b3pr62b3pr62b3_188.asset
  artifactKey: Guid(ed1369f7f0ebbfc4d820e08c527cb3dc) Importer(2089858483,192608db42251d675da83286b1cce702)
Start importing Assets/Art/TilePallette/BiomeTiles/Gemini_Generated_Image_62b3pr62b3pr62b3_188.asset using Guid(ed1369f7f0ebbfc4d820e08c527cb3dc) Importer(2089858483,192608db42251d675da83286b1cce702) (ScriptedImporter) -> (artifact id: '8c317d1fd1400fbe63774f6345c44bc1') in 0.0156676 seconds
Number of updated asset objects reloaded before import = 0Number of asset objects unloaded after import = 2

========================================================================
Received Import Request.
  Time since last request: 0.000038 seconds.
  path: Assets/TextMesh Pro/Shaders/SDFFunctions.hlsl
  artifactKey: Guid(96de908384869cd409c75efa351d5edf) Importer(2089858483,192608db42251d675da83286b1cce702)
Start importing Assets/TextMesh Pro/Shaders/SDFFunctions.hlsl using Guid(96de908384869cd409c75efa351d5edf) Importer(2089858483,192608db42251d675da83286b1cce702) (ScriptedImporter) -> (artifact id: 'b2b655e4ff465b033646bd2ff47d13c3') in 0.0165118 seconds
Number of updated asset objects reloaded before import = 0Number of asset objects unloaded after import = 1

========================================================================
Received Import Request.
  Time since last request: 0.000020 seconds.
  path: Assets/Art/TilePallette/BiomeTiles/Gemini_Generated_Image_62b3pr62b3pr62b3_132.asset
  artifactKey: Guid(cdfaa94098089b14c8b96dae477af631) Importer(2089858483,192608db42251d675da83286b1cce702)
Start importing Assets/Art/TilePallette/BiomeTiles/Gemini_Generated_Image_62b3pr62b3pr62b3_132.asset using Guid(cdfaa94098089b14c8b96dae477af631) Importer(2089858483,192608db42251d675da83286b1cce702) (ScriptedImporter) -> (artifact id: 'bc542ea812c795376a7d031addcc8847') in 0.0184375 seconds
Number of updated asset objects reloaded before import = 0Number of asset objects unloaded after import = 2

========================================================================
Received Import Request.
  Time since last request: 0.000031 seconds.
  path: Assets/Art/TilePallette/BiomeTiles/Gemini_Generated_Image_62b3pr62b3pr62b3_212.asset
  artifactKey: Guid(d48248cdbe62e4f4e8c4b25166138cf7) Importer(2089858483,192608db42251d675da83286b1cce702)
Start importing Assets/Art/TilePallette/BiomeTiles/Gemini_Generated_Image_62b3pr62b3pr62b3_212.asset using Guid(d48248cdbe62e4f4e8c4b25166138cf7) Importer(2089858483,192608db42251d675da83286b1cce702) (ScriptedImporter) -> (artifact id: '55256542e366340c5341350b191dc72a') in 0.0162254 seconds
Number of updated asset objects reloaded before import = 0Number of asset objects unloaded after import = 2

========================================================================
Received Import Request.
  Time since last request: 0.000023 seconds.
  path: Assets/Art/TilePallette/BiomeTiles/Gemini_Generated_Image_62b3pr62b3pr62b3_136.asset
  artifactKey: Guid(ee70f244929c2c04ea3f6b196e6b305b) Importer(2089858483,192608db42251d675da83286b1cce702)
Start importing Assets/Art/TilePallette/BiomeTiles/Gemini_Generated_Image_62b3pr62b3pr62b3_136.asset using Guid(ee70f244929c2c04ea3f6b196e6b305b) Importer(2089858483,192608db42251d675da83286b1cce702) (ScriptedImporter) -> (artifact id: 'bf3837b4d487d654f5f267677cdf545e') in 0.0192468 seconds
Number of updated asset objects reloaded before import = 0Number of asset objects unloaded after import = 2

========================================================================
Received Import Request.
  Time since last request: 0.000047 seconds.
  path: Assets/Scripts/RoomDecorator.cs
  artifactKey: Guid(4b02ff3f98975c64a9fd6754b37c8c4a) Importer(2089858483,192608db42251d675da83286b1cce702)
Start importing Assets/Scripts/RoomDecorator.cs using Guid(4b02ff3f98975c64a9fd6754b37c8c4a) Importer(2089858483,192608db42251d675da83286b1cce702) (ScriptedImporter) -> (artifact id: '8a47555099cad5b910ff127e6ccad7c2') in 0.0150853 seconds
Number of updated asset objects reloaded before import = 0Number of asset objects unloaded after import = 0

========================================================================
Received Import Request.
  Time since last request: 0.000020 seconds.
  path: Assets/Art/TilePallette/BiomeTiles/Gemini_Generated_Image_62b3pr62b3pr62b3_71.asset
  artifactKey: Guid(ce9d6f3145e805e469163c3882fda215) Importer(2089858483,192608db42251d675da83286b1cce702)
Start importing Assets/Art/TilePallette/BiomeTiles/Gemini_Generated_Image_62b3pr62b3pr62b3_71.asset using Guid(ce9d6f3145e805e469163c3882fda215) Importer(2089858483,192608db42251d675da83286b1cce702) (ScriptedImporter) -> (artifact id: '728cf5df7f9c87368905d099a47682f5') in 0.0179096 seconds
Number of updated asset objects reloaded before import = 0Number of asset objects unloaded after import = 2

========================================================================
Received Import Request.
  Time since last request: 0.000022 seconds.
  path: Assets/Art/TilePallette/BiomeTiles/Gemini_Generated_Image_62b3pr62b3pr62b3_65.asset
  artifactKey: Guid(7f52ddb7066abda42bfa2773464a4b2b) Importer(2089858483,192608db42251d675da83286b1cce702)
Start importing Assets/Art/TilePallette/BiomeTiles/Gemini_Generated_Image_62b3pr62b3pr62b3_65.asset using Guid(7f52ddb7066abda42bfa2773464a4b2b) Importer(2089858483,192608db42251d675da83286b1cce702) (ScriptedImporter) -> (artifact id: 'd8483e44f1ff8b9cda58f0e2ab041127') in 0.0146386 seconds
Number of updated asset objects reloaded before import = 0Number of asset objects unloaded after import = 2

========================================================================
Received Import Request.
  Time since last request: 0.000048 seconds.
  path: Assets/Art/TilePallette/BiomeTiles/Gemini_Generated_Image_62b3pr62b3pr62b3_62.asset
  artifactKey: Guid(b2704da29290fbb4b974ea7bf2739d5e) Importer(2089858483,192608db42251d675da83286b1cce702)
Start importing Assets/Art/TilePallette/BiomeTiles/Gemini_Generated_Image_62b3pr62b3pr62b3_62.asset using Guid(b2704da29290fbb4b974ea7bf2739d5e) Importer(2089858483,192608db42251d675da83286b1cce702) (ScriptedImporter) -> (artifact id: '9415a95bd5c1ec3fab2e5581a3d3092a') in 0.0157222 seconds
Number of updated asset objects reloaded before import = 0Number of asset objects unloaded after import = 2

========================================================================
Received Import Request.
  Time since last request: 0.000039 seconds.
  path: Assets/Art/TilePallette/BiomeTiles/Gemini_Generated_Image_62b3pr62b3pr62b3_19.asset
  artifactKey: Guid(dacd79fada988744aa24780bb89c674b) Importer(2089858483,192608db42251d675da83286b1cce702)
Start importing Assets/Art/TilePallette/BiomeTiles/Gemini_Generated_Image_62b3pr62b3pr62b3_19.asset using Guid(dacd79fada988744aa24780bb89c674b) Importer(2089858483,192608db42251d675da83286b1cce702) (ScriptedImporter) -> (artifact id: '9db34ff300216decca62b322d2e81d42') in 0.0153878 seconds
Number of updated asset objects reloaded before import = 0Number of asset objects unloaded after import = 2

========================================================================
Received Import Request.
  Time since last request: 0.000017 seconds.
  path: Assets/Scripts/DungeonRoom.cs
  artifactKey: Guid(e946f6be155dcf849b6363ecfbdfe4e2) Importer(2089858483,192608db42251d675da83286b1cce702)
Start importing Assets/Scripts/DungeonRoom.cs using Guid(e946f6be155dcf849b6363ecfbdfe4e2) Importer(2089858483,192608db42251d675da83286b1cce702) (ScriptedImporter) -> (artifact id: '639b63dec73d4d787c47d8c0fd1aa17d') in 0.0135434 seconds
Number of updated asset objects reloaded before import = 0Number of asset objects unloaded after import = 0

========================================================================
Received Import Request.
  Time since last request: 0.000021 seconds.
  path: Assets/Art/TilePallette/TileSheet_49.asset
  artifactKey: Guid(b140b5b1b5f34a24facac2c7be747944) Importer(2089858483,192608db42251d675da83286b1cce702)
Start importing Assets/Art/TilePallette/TileSheet_49.asset using Guid(b140b5b1b5f34a24facac2c7be747944) Importer(2089858483,192608db42251d675da83286b1cce702) (ScriptedImporter) -> (artifact id: '9e61f9d22720687703961aea32b36cd5') in 0.0168561 seconds
Number of updated asset objects reloaded before import = 0Number of asset objects unloaded after import = 2

========================================================================
Received Import Request.
  Time since last request: 0.000018 seconds.
  path: Assets/Art/TilePallette/BiomeTiles/Gemini_Generated_Image_62b3pr62b3pr62b3_192.asset
  artifactKey: Guid(f8b0e79cbd2b84e46bd673d0c04f8352) Importer(2089858483,192608db42251d675da83286b1cce702)
Start importing Assets/Art/TilePallette/BiomeTiles/Gemini_Generated_Image_62b3pr62b3pr62b3_192.asset using Guid(f8b0e79cbd2b84e46bd673d0c04f8352) Importer(2089858483,192608db42251d675da83286b1cce702) (ScriptedImporter) -> (artifact id: 'c3b0d98bc1812dbde1b4aa7688225209') in 0.0168431 seconds
Number of updated asset objects reloaded before import = 0Number of asset objects unloaded after import = 2

========================================================================
Received Import Request.
  Time since last request: 0.000020 seconds.
  path: Assets/Art/TilePallette/BiomeTiles/Gemini_Generated_Image_62b3pr62b3pr62b3_82.asset
  artifactKey: Guid(9307362db2bc07b48881837781f02998) Importer(2089858483,192608db42251d675da83286b1cce702)
Start importing Assets/Art/TilePallette/BiomeTiles/Gemini_Generated_Image_62b3pr62b3pr62b3_82.asset using Guid(9307362db2bc07b48881837781f02998) Importer(2089858483,192608db42251d675da83286b1cce702) (ScriptedImporter) -> (artifact id: 'a6146670d51638ef4bef7b4393f96194') in 0.0156144 seconds
Number of updated asset objects reloaded before import = 0Number of asset objects unloaded after import = 2

========================================================================
Received Import Request.
  Time since last request: 0.000030 seconds.
  path: Assets/Art/TilePallette/BiomeTiles/Gemini_Generated_Image_62b3pr62b3pr62b3_64.asset
  artifactKey: Guid(f5ab49158dd56e74eba7d3de0de5c6ab) Importer(2089858483,192608db42251d675da83286b1cce702)
Start importing Assets/Art/TilePallette/BiomeTiles/Gemini_Generated_Image_62b3pr62b3pr62b3_64.asset using Guid(f5ab49158dd56e74eba7d3de0de5c6ab) Importer(2089858483,192608db42251d675da83286b1cce702) (ScriptedImporter) -> (artifact id: '5e51953678e3c0c06e0dfd649af38bfb') in 0.0183116 seconds
Number of updated asset objects reloaded before import = 0Number of asset objects unloaded after import = 2

========================================================================
Received Import Request.
  Time since last request: 0.000017 seconds.
  path: Assets/Art/TilePallette/BiomeTiles/Gemini_Generated_Image_62b3pr62b3pr62b3_223.asset
  artifactKey: Guid(043dd2f4fee121c44bff179a23db539b) Importer(2089858483,192608db42251d675da83286b1cce702)
Start importing Assets/Art/TilePallette/BiomeTiles/Gemini_Generated_Image_62b3pr62b3pr62b3_223.asset using Guid(043dd2f4fee121c44bff179a23db539b) Importer(2089858483,192608db42251d675da83286b1cce702) (ScriptedImporter) -> (artifact id: 'a9b9a82413067de59b071b3fbf341e4b') in 0.0153728 seconds
Number of updated asset objects reloaded before import = 0Number of asset objects unloaded after import = 2

========================================================================
Received Import Request.
  Time since last request: 0.000019 seconds.
  path: Assets/Art/TilePallette/BiomeTiles/Gemini_Generated_Image_62b3pr62b3pr62b3_69.asset
  artifactKey: Guid(58fc7a5e1858dd24696bf87df7a25454) Importer(2089858483,192608db42251d675da83286b1cce702)
Start importing Assets/Art/TilePallette/BiomeTiles/Gemini_Generated_Image_62b3pr62b3pr62b3_69.asset using Guid(58fc7a5e1858dd24696bf87df7a25454) Importer(2089858483,192608db42251d675da83286b1cce702) (ScriptedImporter) -> (artifact id: 'df4b0bc180498332cf1e9be0b494635a') in 0.0244372 seconds
Number of updated asset objects reloaded before import = 0Number of asset objects unloaded after import = 2

========================================================================
Received Import Request.
  Time since last request: 0.000025 seconds.
  path: Assets/Art/TilePallette/BiomeTiles/Gemini_Generated_Image_62b3pr62b3pr62b3_138.asset
  artifactKey: Guid(dc843a3451c8c8b4fb7564c3ba36bdcb) Importer(2089858483,192608db42251d675da83286b1cce702)
Start importing Assets/Art/TilePallette/BiomeTiles/Gemini_Generated_Image_62b3pr62b3pr62b3_138.asset using Guid(dc843a3451c8c8b4fb7564c3ba36bdcb) Importer(2089858483,192608db42251d675da83286b1cce702) (ScriptedImporter) -> (artifact id: 'd64794378fb466cce74bf43b0419eadb') in 0.0157092 seconds
Number of updated asset objects reloaded before import = 0Number of asset objects unloaded after import = 2

========================================================================
Received Import Request.
  Time since last request: 0.000039 seconds.
  path: Assets/Art/TileSheet/TileSheet.png
  artifactKey: Guid(2e2871b66ec4a364db2ee3a4d3652bfc) Importer(2089858483,192608db42251d675da83286b1cce702)
Start importing Assets/Art/TileSheet/TileSheet.png using Guid(2e2871b66ec4a364db2ee3a4d3652bfc) Importer(2089858483,192608db42251d675da83286b1cce702) (ScriptedImporter) -> (artifact id: '21e8da60ff5699388d7fc082bd58e915') in 0.2009963 seconds
Number of updated asset objects reloaded before import = 0Number of asset objects unloaded after import = 114

========================================================================
Received Import Request.
  Time since last request: 0.000026 seconds.
  path: Assets/Art/TilePallette/BiomeTiles/Gemini_Generated_Image_62b3pr62b3pr62b3_9.asset
  artifactKey: Guid(dcd82e57e5edf114baa0871f4fcc17df) Importer(2089858483,192608db42251d675da83286b1cce702)
Start importing Assets/Art/TilePallette/BiomeTiles/Gemini_Generated_Image_62b3pr62b3pr62b3_9.asset using Guid(dcd82e57e5edf114baa0871f4fcc17df) Importer(2089858483,192608db42251d675da83286b1cce702) (ScriptedImporter) -> (artifact id: 'e237ad293774b9305cb45d3e8d554169') in 0.0167409 seconds
Number of updated asset objects reloaded before import = 0Number of asset objects unloaded after import = 2

========================================================================
Received Import Request.
  Time since last request: 0.000032 seconds.
  path: Assets/Art/TilePallette/BiomeTiles/Gemini_Generated_Image_62b3pr62b3pr62b3_84.asset
  artifactKey: Guid(f07ee788fd1bc294e9595ba87d53a428) Importer(2089858483,192608db42251d675da83286b1cce702)
Start importing Assets/Art/TilePallette/BiomeTiles/Gemini_Generated_Image_62b3pr62b3pr62b3_84.asset using Guid(f07ee788fd1bc294e9595ba87d53a428) Importer(2089858483,192608db42251d675da83286b1cce702) (ScriptedImporter) -> (artifact id: '4341e53671083bb6e558d42f102d5499') in 0.0177706 seconds
Number of updated asset objects reloaded before import = 0Number of asset objects unloaded after import = 2

========================================================================
Received Import Request.
  Time since last request: 0.000019 seconds.
  path: Assets/Art/TilePallette/BiomeTiles/Gemini_Generated_Image_62b3pr62b3pr62b3_86.asset
  artifactKey: Guid(543c2d4e29db91943bfb31e3bc54d078) Importer(2089858483,192608db42251d675da83286b1cce702)
Start importing Assets/Art/TilePallette/BiomeTiles/Gemini_Generated_Image_62b3pr62b3pr62b3_86.asset using Guid(543c2d4e29db91943bfb31e3bc54d078) Importer(2089858483,192608db42251d675da83286b1cce702) (ScriptedImporter) -> (artifact id: 'eba520815b44fee9838ffa7f39e0409c') in 0.0219538 seconds
Number of updated asset objects reloaded before import = 0Number of asset objects unloaded after import = 2

========================================================================
Received Import Request.
  Time since last request: 0.000021 seconds.
  path: Assets/Art/TilePallette/BiomeTiles/Gemini_Generated_Image_62b3pr62b3pr62b3_74.asset
  artifactKey: Guid(1ecee03c4292dd041a750cddd438ee47) Importer(2089858483,192608db42251d675da83286b1cce702)
Start importing Assets/Art/TilePallette/BiomeTiles/Gemini_Generated_Image_62b3pr62b3pr62b3_74.asset using Guid(1ecee03c4292dd041a750cddd438ee47) Importer(2089858483,192608db42251d675da83286b1cce702) (ScriptedImporter) -> (artifact id: '9972e6df509ae01b3e75f1ca454b978f') in 0.0172909 seconds
Number of updated asset objects reloaded before import = 0Number of asset objects unloaded after import = 2

========================================================================
Received Import Request.
  Time since last request: 0.000021 seconds.
  path: Assets/TextMesh Pro/Shaders/TMP_SDF-HDRP UNLIT.shadergraph
  artifactKey: Guid(f63d574838ccfb44f84acc05fed0af48) Importer(2089858483,192608db42251d675da83286b1cce702)
Start importing Assets/TextMesh Pro/Shaders/TMP_SDF-HDRP UNLIT.shadergraph using Guid(f63d574838ccfb44f84acc05fed0af48) Importer(2089858483,192608db42251d675da83286b1cce702) (ScriptedImporter) -> (artifact id: '54d8b52124b53e3ba043d04c46d01426') in 0.0318645 seconds
Number of updated asset objects reloaded before import = 0Number of asset objects unloaded after import = 3

========================================================================
Received Import Request.
  Time since last request: 0.000036 seconds.
  path: Assets/Art/TilePallette/FloorTiles/TileSheet_10.asset
  artifactKey: Guid(68c337b9e9c5fbb4192ed3e94dd0dec7) Importer(2089858483,192608db42251d675da83286b1cce702)
Start importing Assets/Art/TilePallette/FloorTiles/TileSheet_10.asset using Guid(68c337b9e9c5fbb4192ed3e94dd0dec7) Importer(2089858483,192608db42251d675da83286b1cce702) (ScriptedImporter) -> (artifact id: 'de8a185ff4039f1e5bdf704da14233c1') in 0.0175766 seconds
Number of updated asset objects reloaded before import = 0Number of asset objects unloaded after import = 2

========================================================================
Received Import Request.
  Time since last request: 0.000018 seconds.
  path: Assets/Art/TilePallette/BiomeTiles/Gemini_Generated_Image_62b3pr62b3pr62b3_95.asset
  artifactKey: Guid(ad1cacaa9eec46d43a9c0d3a66827311) Importer(2089858483,192608db42251d675da83286b1cce702)
Start importing Assets/Art/TilePallette/BiomeTiles/Gemini_Generated_Image_62b3pr62b3pr62b3_95.asset using Guid(ad1cacaa9eec46d43a9c0d3a66827311) Importer(2089858483,192608db42251d675da83286b1cce702) (ScriptedImporter) -> (artifact id: '08a74c6b3aaa4155d863371f64a256c2') in 0.0150413 seconds
Number of updated asset objects reloaded before import = 0Number of asset objects unloaded after import = 2

========================================================================
Received Import Request.
  Time since last request: 0.000019 seconds.
  path: Assets/Art/TilePallette/BiomeTiles/Gemini_Generated_Image_62b3pr62b3pr62b3_98.asset
  artifactKey: Guid(d0df7397acb78894abc39e3792f33557) Importer(2089858483,192608db42251d675da83286b1cce702)
Start importing Assets/Art/TilePallette/BiomeTiles/Gemini_Generated_Image_62b3pr62b3pr62b3_98.asset using Guid(d0df7397acb78894abc39e3792f33557) Importer(2089858483,192608db42251d675da83286b1cce702) (ScriptedImporter) -> (artifact id: 'a787559672f5eacc88e805dbcecb176b') in 0.0128679 seconds
Number of updated asset objects reloaded before import = 0Number of asset objects unloaded after import = 2

========================================================================
Received Import Request.
  Time since last request: 0.000019 seconds.
  path: Assets/TextMesh Pro/Shaders/TMP_Sprite.shader
  artifactKey: Guid(cf81c85f95fe47e1a27f6ae460cf182c) Importer(2089858483,192608db42251d675da83286b1cce702)
Start importing Assets/TextMesh Pro/Shaders/TMP_Sprite.shader using Guid(cf81c85f95fe47e1a27f6ae460cf182c) Importer(2089858483,192608db42251d675da83286b1cce702) (ScriptedImporter) -> (artifact id: '195ccb65c10fc340c262557f9077b3d4') in 0.0152558 seconds
Number of updated asset objects reloaded before import = 0Number of asset objects unloaded after import = 1

========================================================================
Received Import Request.
  Time since last request: 0.000021 seconds.
  path: Assets/Art/TilePallette/BiomeTiles/Gemini_Generated_Image_62b3pr62b3pr62b3_102.asset
  artifactKey: Guid(a51fd2a12ff0e9f439ebf2812acc460d) Importer(2089858483,192608db42251d675da83286b1cce702)
Start importing Assets/Art/TilePallette/BiomeTiles/Gemini_Generated_Image_62b3pr62b3pr62b3_102.asset using Guid(a51fd2a12ff0e9f439ebf2812acc460d) Importer(2089858483,192608db42251d675da83286b1cce702) (ScriptedImporter) -> (artifact id: '866a2cb423efff79452c3b5f8824c7b9') in 0.0139342 seconds
Number of updated asset objects reloaded before import = 0Number of asset objects unloaded after import = 2

========================================================================
Received Import Request.
  Time since last request: 0.000029 seconds.
  path: Assets/Art/TilePallette/BiomeTiles/Gemini_Generated_Image_62b3pr62b3pr62b3_196.asset
  artifactKey: Guid(c2f1248b77c2f8443b00117c04b48ff4) Importer(2089858483,192608db42251d675da83286b1cce702)
Start importing Assets/Art/TilePallette/BiomeTiles/Gemini_Generated_Image_62b3pr62b3pr62b3_196.asset using Guid(c2f1248b77c2f8443b00117c04b48ff4) Importer(2089858483,192608db42251d675da83286b1cce702) (ScriptedImporter) -> (artifact id: '5cb623498ed047ade64c2a727905e8cc') in 0.0128685 seconds
Number of updated asset objects reloaded before import = 0Number of asset objects unloaded after import = 2

========================================================================
Received Import Request.
  Time since last request: 0.000021 seconds.
  path: Assets/Art/TilePallette/BiomeTiles/Gemini_Generated_Image_62b3pr62b3pr62b3_77.asset
  artifactKey: Guid(f3ae3ecc6ad2a9149bd8bd9bbaeae04a) Importer(2089858483,192608db42251d675da83286b1cce702)
Start importing Assets/Art/TilePallette/BiomeTiles/Gemini_Generated_Image_62b3pr62b3pr62b3_77.asset using Guid(f3ae3ecc6ad2a9149bd8bd9bbaeae04a) Importer(2089858483,192608db42251d675da83286b1cce702) (ScriptedImporter) -> (artifact id: 'e10705633f3c1cf42689b946d2434e43') in 0.0169337 seconds
Number of updated asset objects reloaded before import = 0Number of asset objects unloaded after import = 2

========================================================================
Received Import Request.
  Time since last request: 0.000029 seconds.
  path: Assets/Art/TilePallette/FloorTiles/TileSheet_11.asset
  artifactKey: Guid(583ed6decadff1845872961345a6d46f) Importer(2089858483,192608db42251d675da83286b1cce702)
Start importing Assets/Art/TilePallette/FloorTiles/TileSheet_11.asset using Guid(583ed6decadff1845872961345a6d46f) Importer(2089858483,192608db42251d675da83286b1cce702) (ScriptedImporter) -> (artifact id: 'f4af27e4be55cf3c25a814fa18ba6b01') in 0.0169011 seconds
Number of updated asset objects reloaded before import = 0Number of asset objects unloaded after import = 2

========================================================================
Received Import Request.
  Time since last request: 0.000022 seconds.
  path: Assets/Art/TilePallette/FloorTiles/TileSheet_109.asset
  artifactKey: Guid(6b9c4789643152f48b9838880a38572b) Importer(2089858483,192608db42251d675da83286b1cce702)
Start importing Assets/Art/TilePallette/FloorTiles/TileSheet_109.asset using Guid(6b9c4789643152f48b9838880a38572b) Importer(2089858483,192608db42251d675da83286b1cce702) (ScriptedImporter) -> (artifact id: '5ca70849102696d3afeaf18745d6250d') in 0.0170414 seconds
Number of updated asset objects reloaded before import = 0Number of asset objects unloaded after import = 2

========================================================================
Received Import Request.
  Time since last request: 0.000032 seconds.
  path: Assets/Art/TilePallette/FloorTiles/TileSheet_108.asset
  artifactKey: Guid(f95260cbe8ddea54cb01ec57b4e3e872) Importer(2089858483,192608db42251d675da83286b1cce702)
Start importing Assets/Art/TilePallette/FloorTiles/TileSheet_108.asset using Guid(f95260cbe8ddea54cb01ec57b4e3e872) Importer(2089858483,192608db42251d675da83286b1cce702) (ScriptedImporter) -> (artifact id: 'b4ad446599caeba4a3c191f10a519bfe') in 0.0138621 seconds
Number of updated asset objects reloaded before import = 0Number of asset objects unloaded after import = 2

========================================================================
Received Import Request.
  Time since last request: 0.000021 seconds.
  path: Assets/Art/TilePallette/FloorTiles/TileSheet_107.asset
  artifactKey: Guid(e1e861e060d29e54291a255557320993) Importer(2089858483,192608db42251d675da83286b1cce702)
Start importing Assets/Art/TilePallette/FloorTiles/TileSheet_107.asset using Guid(e1e861e060d29e54291a255557320993) Importer(2089858483,192608db42251d675da83286b1cce702) (ScriptedImporter) -> (artifact id: 'faa4babf6edacc10c54be37bfeeb29f3') in 0.0144936 seconds
Number of updated asset objects reloaded before import = 0Number of asset objects unloaded after import = 2

========================================================================
Received Import Request.
  Time since last request: 0.000017 seconds.
  path: Assets/Art/TilePallette/BiomeTiles/Gemini_Generated_Image_62b3pr62b3pr62b3_4.asset
  artifactKey: Guid(d5581dd17af5a1649a0e333ac9f35a97) Importer(2089858483,192608db42251d675da83286b1cce702)
Start importing Assets/Art/TilePallette/BiomeTiles/Gemini_Generated_Image_62b3pr62b3pr62b3_4.asset using Guid(d5581dd17af5a1649a0e333ac9f35a97) Importer(2089858483,192608db42251d675da83286b1cce702) (ScriptedImporter) -> (artifact id: '33e7d74321ec7ea382f413556aec4c2b') in 0.0153023 seconds
Number of updated asset objects reloaded before import = 0Number of asset objects unloaded after import = 2

========================================================================
Received Import Request.
  Time since last request: 0.000026 seconds.
  path: Assets/Art/TilePallette/BiomeTiles/Gemini_Generated_Image_62b3pr62b3pr62b3_113.asset
  artifactKey: Guid(a849531e0ef6b27499ca5785f2ff38e3) Importer(2089858483,192608db42251d675da83286b1cce702)
Start importing Assets/Art/TilePallette/BiomeTiles/Gemini_Generated_Image_62b3pr62b3pr62b3_113.asset using Guid(a849531e0ef6b27499ca5785f2ff38e3) Importer(2089858483,192608db42251d675da83286b1cce702) (ScriptedImporter) -> (artifact id: 'd42dae97302ae70c8a5c3cc51c1e0e4c') in 0.0148412 seconds
Number of updated asset objects reloaded before import = 0Number of asset objects unloaded after import = 2

========================================================================
Received Import Request.
  Time since last request: 0.000029 seconds.
  path: Assets/Art/TilePallette/BiomeTiles/Gemini_Generated_Image_62b3pr62b3pr62b3_7.asset
  artifactKey: Guid(cb329cc471fdefb48a0505c53dd5ee08) Importer(2089858483,192608db42251d675da83286b1cce702)
Start importing Assets/Art/TilePallette/BiomeTiles/Gemini_Generated_Image_62b3pr62b3pr62b3_7.asset using Guid(cb329cc471fdefb48a0505c53dd5ee08) Importer(2089858483,192608db42251d675da83286b1cce702) (ScriptedImporter) -> (artifact id: 'fc4051024d5c10a94a9475a5b196bd1d') in 0.0303247 seconds
Number of updated asset objects reloaded before import = 0Number of asset objects unloaded after import = 2

========================================================================
Received Import Request.
  Time since last request: 0.000042 seconds.
  path: Assets/Art/TilePallette/FloorTiles/TileSheet_122.asset
  artifactKey: Guid(3dd6649a2cd987f4d84caeeb8448b88a) Importer(2089858483,192608db42251d675da83286b1cce702)
Start importing Assets/Art/TilePallette/FloorTiles/TileSheet_122.asset using Guid(3dd6649a2cd987f4d84caeeb8448b88a) Importer(2089858483,192608db42251d675da83286b1cce702) (ScriptedImporter) -> (artifact id: 'f0a30b63e06ab28d0cd5264aed3da2d1') in 0.0247127 seconds
Number of updated asset objects reloaded before import = 0Number of asset objects unloaded after import = 2

========================================================================
Received Import Request.
  Time since last request: 0.000021 seconds.
  path: Assets/Art/TilePallette/FloorTiles/TileSheet_117.asset
  artifactKey: Guid(a2d1e40846f003442b7f318ba79c92de) Importer(2089858483,192608db42251d675da83286b1cce702)
Start importing Assets/Art/TilePallette/FloorTiles/TileSheet_117.asset using Guid(a2d1e40846f003442b7f318ba79c92de) Importer(2089858483,192608db42251d675da83286b1cce702) (ScriptedImporter) -> (artifact id: '7fbc56ed122fe2270e8ba3e5a8cefba0') in 0.0196676 seconds
Number of updated asset objects reloaded before import = 0Number of asset objects unloaded after import = 2

========================================================================
Received Import Request.
  Time since last request: 0.000020 seconds.
  path: Assets/Art/TilePallette/FloorTiles/TileSheet_113.asset
  artifactKey: Guid(dd33661838dfd514b9515a6c91013696) Importer(2089858483,192608db42251d675da83286b1cce702)
Start importing Assets/Art/TilePallette/FloorTiles/TileSheet_113.asset using Guid(dd33661838dfd514b9515a6c91013696) Importer(2089858483,192608db42251d675da83286b1cce702) (ScriptedImporter) -> (artifact id: 'd279060516073114bdedf75e8cdd4548') in 0.0195649 seconds
Number of updated asset objects reloaded before import = 0Number of asset objects unloaded after import = 2

========================================================================
Received Import Request.
  Time since last request: 0.000026 seconds.
  path: Assets/Art/TilePallette/FloorTiles/TileSheet_112.asset
  artifactKey: Guid(f97fb617780ef394cbcd4d69e651c3fe) Importer(2089858483,192608db42251d675da83286b1cce702)
Start importing Assets/Art/TilePallette/FloorTiles/TileSheet_112.asset using Guid(f97fb617780ef394cbcd4d69e651c3fe) Importer(2089858483,192608db42251d675da83286b1cce702) (ScriptedImporter) -> (artifact id: '634e5bff43dc38154e71b030ea60efa0') in 0.0192101 seconds
Number of updated asset objects reloaded before import = 0Number of asset objects unloaded after import = 2

========================================================================
Received Import Request.
  Time since last request: 0.000037 seconds.
  path: Assets/Art/TilePallette/BiomeTiles/Gemini_Generated_Image_62b3pr62b3pr62b3_80.asset
  artifactKey: Guid(b2412767324bebd47aaa77d9397d0a9a) Importer(2089858483,192608db42251d675da83286b1cce702)
Start importing Assets/Art/TilePallette/BiomeTiles/Gemini_Generated_Image_62b3pr62b3pr62b3_80.asset using Guid(b2412767324bebd47aaa77d9397d0a9a) Importer(2089858483,192608db42251d675da83286b1cce702) (ScriptedImporter) -> (artifact id: 'dc3a04a58f0cbffc1c79cb77ee74c86b') in 0.0214989 seconds
Number of updated asset objects reloaded before import = 0Number of asset objects unloaded after import = 2

========================================================================
Received Import Request.
  Time since last request: 0.000026 seconds.
  path: Assets/Art/TilePallette/FloorTiles/TileSheet_19.asset
  artifactKey: Guid(5d46e9e612b35394e878dacedd381660) Importer(2089858483,192608db42251d675da83286b1cce702)
Start importing Assets/Art/TilePallette/FloorTiles/TileSheet_19.asset using Guid(5d46e9e612b35394e878dacedd381660) Importer(2089858483,192608db42251d675da83286b1cce702) (ScriptedImporter) -> (artifact id: '69a82762efc48e96e4d884fc54e54149') in 0.0196743 seconds
Number of updated asset objects reloaded before import = 0Number of asset objects unloaded after import = 2

========================================================================
Received Import Request.
  Time since last request: 0.000017 seconds.
  path: Assets/Art/TilePallette/FloorTiles/TileSheet_13.asset
  artifactKey: Guid(50ace90da65d56a4fa098f8719087112) Importer(2089858483,192608db42251d675da83286b1cce702)
Start importing Assets/Art/TilePallette/FloorTiles/TileSheet_13.asset using Guid(50ace90da65d56a4fa098f8719087112) Importer(2089858483,192608db42251d675da83286b1cce702) (ScriptedImporter) -> (artifact id: '975060cfb71447e3db23b862dd9ed07c') in 0.0141821 seconds
Number of updated asset objects reloaded before import = 0Number of asset objects unloaded after import = 2

========================================================================
Received Import Request.
  Time since last request: 0.000022 seconds.
  path: Assets/Art/TilePallette/FloorTiles/TileSheet_110.asset
  artifactKey: Guid(3b4a34c20784e744abb42ffbf3059c83) Importer(2089858483,192608db42251d675da83286b1cce702)
Start importing Assets/Art/TilePallette/FloorTiles/TileSheet_110.asset using Guid(3b4a34c20784e744abb42ffbf3059c83) Importer(2089858483,192608db42251d675da83286b1cce702) (ScriptedImporter) -> (artifact id: 'd36071293e95660be79ffc31a8ceef15') in 0.0134549 seconds
Number of updated asset objects reloaded before import = 0Number of asset objects unloaded after import = 2

========================================================================
Received Import Request.
  Time since last request: 0.000035 seconds.
  path: Assets/Art/TilePallette/BiomeTiles/Gemini_Generated_Image_62b3pr62b3pr62b3_27.asset
  artifactKey: Guid(182f8bad5db65f04fb3dc8b81968722d) Importer(2089858483,192608db42251d675da83286b1cce702)
Start importing Assets/Art/TilePallette/BiomeTiles/Gemini_Generated_Image_62b3pr62b3pr62b3_27.asset using Guid(182f8bad5db65f04fb3dc8b81968722d) Importer(2089858483,192608db42251d675da83286b1cce702) (ScriptedImporter) -> (artifact id: '34cf82390f86ae4490fcb0bdcfbe6de6') in 0.0140743 seconds
Number of updated asset objects reloaded before import = 0Number of asset objects unloaded after import = 2

========================================================================
Received Import Request.
  Time since last request: 0.000026 seconds.
  path: Assets/Art/TilePallette/BiomeTiles/Gemini_Generated_Image_62b3pr62b3pr62b3_53.asset
  artifactKey: Guid(cd3cfb08c9084e1488b5baf6974ac2f9) Importer(2089858483,192608db42251d675da83286b1cce702)
Start importing Assets/Art/TilePallette/BiomeTiles/Gemini_Generated_Image_62b3pr62b3pr62b3_53.asset using Guid(cd3cfb08c9084e1488b5baf6974ac2f9) Importer(2089858483,192608db42251d675da83286b1cce702) (ScriptedImporter) -> (artifact id: 'c383f4c1cdb9bb8f3f69db313eca36ad') in 0.0146145 seconds
Number of updated asset objects reloaded before import = 0Number of asset objects unloaded after import = 2

========================================================================
Received Import Request.
  Time since last request: 0.000020 seconds.
  path: Assets/Art/TilePallette/BiomeTiles/Gemini_Generated_Image_62b3pr62b3pr62b3_42.asset
  artifactKey: Guid(6b689fcc2ffc06541ae225fa9d36e2b9) Importer(2089858483,192608db42251d675da83286b1cce702)
Start importing Assets/Art/TilePallette/BiomeTiles/Gemini_Generated_Image_62b3pr62b3pr62b3_42.asset using Guid(6b689fcc2ffc06541ae225fa9d36e2b9) Importer(2089858483,192608db42251d675da83286b1cce702) (ScriptedImporter) -> (artifact id: 'b523fcfe9b7a5af22294a92423636e61') in 0.0139353 seconds
Number of updated asset objects reloaded before import = 0Number of asset objects unloaded after import = 2

========================================================================
Received Import Request.
  Time since last request: 0.000020 seconds.
  path: Assets/Art/TilePallette/BiomeTiles/Gemini_Generated_Image_62b3pr62b3pr62b3_184.asset
  artifactKey: Guid(3685c88c891ac2444956a73252405db7) Importer(2089858483,192608db42251d675da83286b1cce702)
Start importing Assets/Art/TilePallette/BiomeTiles/Gemini_Generated_Image_62b3pr62b3pr62b3_184.asset using Guid(3685c88c891ac2444956a73252405db7) Importer(2089858483,192608db42251d675da83286b1cce702) (ScriptedImporter) -> (artifact id: 'c18c01d48d7d88272c12aab4d2e6cc06') in 0.0187512 seconds
Number of updated asset objects reloaded before import = 0Number of asset objects unloaded after import = 2

========================================================================
Received Import Request.
  Time since last request: 0.000024 seconds.
  path: Assets/Art/TilePallette/FloorTiles/TileSheet_24.asset
  artifactKey: Guid(234e8e0a99aef1e4484e008d97972b1f) Importer(2089858483,192608db42251d675da83286b1cce702)
Start importing Assets/Art/TilePallette/FloorTiles/TileSheet_24.asset using Guid(234e8e0a99aef1e4484e008d97972b1f) Importer(2089858483,192608db42251d675da83286b1cce702) (ScriptedImporter) -> (artifact id: 'cf112e9718ec5cb85b8cc79049256e0a') in 0.0175817 seconds
Number of updated asset objects reloaded before import = 0Number of asset objects unloaded after import = 2

========================================================================
Received Import Request.
  Time since last request: 0.000028 seconds.
  path: Assets/Art/TilePallette/FloorTiles/TileSheet_29.asset
  artifactKey: Guid(b9f1977743dc69b42a228515d40fb6ab) Importer(2089858483,192608db42251d675da83286b1cce702)
Start importing Assets/Art/TilePallette/FloorTiles/TileSheet_29.asset using Guid(b9f1977743dc69b42a228515d40fb6ab) Importer(2089858483,192608db42251d675da83286b1cce702) (ScriptedImporter) -> (artifact id: '68a4c4df20ee848cc6effb70e1636100') in 0.0257949 seconds
Number of updated asset objects reloaded before import = 0Number of asset objects unloaded after import = 2

========================================================================
Received Import Request.
  Time since last request: 0.000017 seconds.
  path: Assets/Art/TilePallette/BiomeTiles/Gemini_Generated_Image_62b3pr62b3pr62b3_245.asset
  artifactKey: Guid(dd4cca3dbc8645542b6122603bf1f61e) Importer(2089858483,192608db42251d675da83286b1cce702)
Start importing Assets/Art/TilePallette/BiomeTiles/Gemini_Generated_Image_62b3pr62b3pr62b3_245.asset using Guid(dd4cca3dbc8645542b6122603bf1f61e) Importer(2089858483,192608db42251d675da83286b1cce702) (ScriptedImporter) -> (artifact id: '7880ce3ec2fa2a6dbe66c1b603ec33ac') in 0.0217619 seconds
Number of updated asset objects reloaded before import = 0Number of asset objects unloaded after import = 2

========================================================================
Received Import Request.
  Time since last request: 0.000017 seconds.
  path: Assets/Art/TilePallette/FloorTiles/TileSheet_23.asset
  artifactKey: Guid(97f6b6cec8d19db46a4809e7b1f8f51e) Importer(2089858483,192608db42251d675da83286b1cce702)
Start importing Assets/Art/TilePallette/FloorTiles/TileSheet_23.asset using Guid(97f6b6cec8d19db46a4809e7b1f8f51e) Importer(2089858483,192608db42251d675da83286b1cce702) (ScriptedImporter) -> (artifact id: 'ae9f86440eecc416269a9c4730123c43') in 0.0194862 seconds
Number of updated asset objects reloaded before import = 0Number of asset objects unloaded after import = 2

========================================================================
Received Import Request.
  Time since last request: 0.000023 seconds.
  path: Assets/Art/TilePallette/BiomeTiles/Gemini_Generated_Image_62b3pr62b3pr62b3_72.asset
  artifactKey: Guid(38b312a04b182dc49b12d919933973ad) Importer(2089858483,192608db42251d675da83286b1cce702)
Start importing Assets/Art/TilePallette/BiomeTiles/Gemini_Generated_Image_62b3pr62b3pr62b3_72.asset using Guid(38b312a04b182dc49b12d919933973ad) Importer(2089858483,192608db42251d675da83286b1cce702) (ScriptedImporter) -> (artifact id: '4b743d5ff5afbba4c0282d5aeb0a29f5') in 0.0201545 seconds
Number of updated asset objects reloaded before import = 0Number of asset objects unloaded after import = 2

========================================================================
Received Import Request.
  Time since last request: 0.000032 seconds.
  path: Assets/Art/TilePallette/BiomeTiles/Gemini_Generated_Image_62b3pr62b3pr62b3_225.asset
  artifactKey: Guid(340bd32c0d48a644fb8eeb81b3103bd1) Importer(2089858483,192608db42251d675da83286b1cce702)
Start importing Assets/Art/TilePallette/BiomeTiles/Gemini_Generated_Image_62b3pr62b3pr62b3_225.asset using Guid(340bd32c0d48a644fb8eeb81b3103bd1) Importer(2089858483,192608db42251d675da83286b1cce702) (ScriptedImporter) -> (artifact id: 'a6cb9217f289487bc1f1e14fe9247ed6') in 0.0159031 seconds
Number of updated asset objects reloaded before import = 0Number of asset objects unloaded after import = 2

========================================================================
Received Import Request.
  Time since last request: 0.000018 seconds.
  path: Assets/Art/TilePallette/FloorTiles/TileSheet_15.asset
  artifactKey: Guid(5bf18d71b581c254483b887244941202) Importer(2089858483,192608db42251d675da83286b1cce702)
Start importing Assets/Art/TilePallette/FloorTiles/TileSheet_15.asset using Guid(5bf18d71b581c254483b887244941202) Importer(2089858483,192608db42251d675da83286b1cce702) (ScriptedImporter) -> (artifact id: 'be6674b1aef4690159f392f2973cc716') in 0.0160738 seconds
Number of updated asset objects reloaded before import = 0Number of asset objects unloaded after import = 2

========================================================================
Received Import Request.
  Time since last request: 0.000027 seconds.
  path: Assets/Art/TilePallette/FloorTiles/TileSheet_76.asset
  artifactKey: Guid(57df3c4cb7270cd4bbd9204eb774bf5c) Importer(2089858483,192608db42251d675da83286b1cce702)
Start importing Assets/Art/TilePallette/FloorTiles/TileSheet_76.asset using Guid(57df3c4cb7270cd4bbd9204eb774bf5c) Importer(2089858483,192608db42251d675da83286b1cce702) (ScriptedImporter) -> (artifact id: '76ef93bd06d79989c195af6f5c4ac04c') in 0.0210942 seconds
Number of updated asset objects reloaded before import = 0Number of asset objects unloaded after import = 2

========================================================================
Received Import Request.
  Time since last request: 0.000025 seconds.
  path: Assets/Art/TilePallette/FloorTiles/TileSheet_73.asset
  artifactKey: Guid(a180a8bb87a4c364ca7bc3e716920da6) Importer(2089858483,192608db42251d675da83286b1cce702)
Start importing Assets/Art/TilePallette/FloorTiles/TileSheet_73.asset using Guid(a180a8bb87a4c364ca7bc3e716920da6) Importer(2089858483,192608db42251d675da83286b1cce702) (ScriptedImporter) -> (artifact id: '1f7f703d620b9ce68dee99dc9d718025') in 0.0152119 seconds
Number of updated asset objects reloaded before import = 0Number of asset objects unloaded after import = 2

========================================================================
Received Import Request.
  Time since last request: 0.000034 seconds.
  path: Assets/Art/TilePallette/FloorTiles/TileSheet_51.asset
  artifactKey: Guid(172285fa5569c934cb2da3454aec554b) Importer(2089858483,192608db42251d675da83286b1cce702)
Start importing Assets/Art/TilePallette/FloorTiles/TileSheet_51.asset using Guid(172285fa5569c934cb2da3454aec554b) Importer(2089858483,192608db42251d675da83286b1cce702) (ScriptedImporter) -> (artifact id: '37a44e36630545effc62784c9967c574') in 0.0191944 seconds
Number of updated asset objects reloaded before import = 0Number of asset objects unloaded after import = 2

========================================================================
Received Import Request.
  Time since last request: 0.000019 seconds.
  path: Assets/Art/TilePallette/FloorTiles/TileSheet_47.asset
  artifactKey: Guid(23bdf886a770f4e40b726d9a2a7c6c50) Importer(2089858483,192608db42251d675da83286b1cce702)
Start importing Assets/Art/TilePallette/FloorTiles/TileSheet_47.asset using Guid(23bdf886a770f4e40b726d9a2a7c6c50) Importer(2089858483,192608db42251d675da83286b1cce702) (ScriptedImporter) -> (artifact id: '9c2c4a492d253a30f01891b027d89e9c') in 0.0144225 seconds
Number of updated asset objects reloaded before import = 0Number of asset objects unloaded after import = 2

========================================================================
Received Import Request.
  Time since last request: 0.000018 seconds.
  path: Assets/Art/TilePallette/FloorTiles/TileSheet_77.asset
  artifactKey: Guid(baf3ba86fbcf4304f93efecc97efaca4) Importer(2089858483,192608db42251d675da83286b1cce702)
Start importing Assets/Art/TilePallette/FloorTiles/TileSheet_77.asset using Guid(baf3ba86fbcf4304f93efecc97efaca4) Importer(2089858483,192608db42251d675da83286b1cce702) (ScriptedImporter) -> (artifact id: '029057aa0c00a525b466b55fe39bc495') in 0.0156407 seconds
Number of updated asset objects reloaded before import = 0Number of asset objects unloaded after import = 2

========================================================================
Received Import Request.
  Time since last request: 0.000020 seconds.
  path: Assets/Art/TilePallette/FloorTiles/TileSheet_53.asset
  artifactKey: Guid(b4bdcd9aeb9c99149abdad84216f25e3) Importer(2089858483,192608db42251d675da83286b1cce702)
Start importing Assets/Art/TilePallette/FloorTiles/TileSheet_53.asset using Guid(b4bdcd9aeb9c99149abdad84216f25e3) Importer(2089858483,192608db42251d675da83286b1cce702) (ScriptedImporter) -> (artifact id: '1f029e0dfdc04165c88a35436e1895f9') in 0.0165263 seconds
Number of updated asset objects reloaded before import = 0Number of asset objects unloaded after import = 2

========================================================================
Received Import Request.
  Time since last request: 0.000032 seconds.
  path: Assets/Art/TilePallette/BiomeTiles/Gemini_Generated_Image_62b3pr62b3pr62b3_248.asset
  artifactKey: Guid(9bc120090178069499747d729085a161) Importer(2089858483,192608db42251d675da83286b1cce702)
Start importing Assets/Art/TilePallette/BiomeTiles/Gemini_Generated_Image_62b3pr62b3pr62b3_248.asset using Guid(9bc120090178069499747d729085a161) Importer(2089858483,192608db42251d675da83286b1cce702) (ScriptedImporter) -> (artifact id: '5fecb54201a81fb3b2af4f66c4187884') in 0.0145291 seconds
Number of updated asset objects reloaded before import = 0Number of asset objects unloaded after import = 2

========================================================================
Received Import Request.
  Time since last request: 0.000023 seconds.
  path: Assets/Art/TileSheet/New Palette.prefab
  artifactKey: Guid(b4572d2b07ccd24458c67e806e370394) Importer(2089858483,192608db42251d675da83286b1cce702)
Start importing Assets/Art/TileSheet/New Palette.prefab using Guid(b4572d2b07ccd24458c67e806e370394) Importer(2089858483,192608db42251d675da83286b1cce702) (ScriptedImporter) -> (artifact id: 'a3effe6f3cd250754c94877871a177b4') in 0.0300238 seconds
Number of updated asset objects reloaded before import = 0Number of asset objects unloaded after import = 10

========================================================================
Received Import Request.
  Time since last request: 0.000019 seconds.
  path: Assets/Art/TilePallette/Walls/TileSheet_57.asset
  artifactKey: Guid(812cb223d999a3f42b13645d87e1d9fb) Importer(2089858483,192608db42251d675da83286b1cce702)
Start importing Assets/Art/TilePallette/Walls/TileSheet_57.asset using Guid(812cb223d999a3f42b13645d87e1d9fb) Importer(2089858483,192608db42251d675da83286b1cce702) (ScriptedImporter) -> (artifact id: '15882ba473bad3a86c8169d19062881f') in 0.0176719 seconds
Number of updated asset objects reloaded before import = 0Number of asset objects unloaded after import = 2

========================================================================
Received Import Request.
  Time since last request: 0.000021 seconds.
  path: Assets/Art/TilePallette/FloorTiles/TileSheet_83.asset
  artifactKey: Guid(26bc545277af7274a980ce68a779bea8) Importer(2089858483,192608db42251d675da83286b1cce702)
Start importing Assets/Art/TilePallette/FloorTiles/TileSheet_83.asset using Guid(26bc545277af7274a980ce68a779bea8) Importer(2089858483,192608db42251d675da83286b1cce702) (ScriptedImporter) -> (artifact id: '2c4c95eeb980db7d365607a4eb17c416') in 0.0178055 seconds
Number of updated asset objects reloaded before import = 0Number of asset objects unloaded after import = 2

========================================================================
Received Import Request.
  Time since last request: 0.000039 seconds.
  path: Assets/Art/TilePallette/FloorTiles/TileSheet_97.asset
  artifactKey: Guid(3be470141be415d4db946bec9cf4cd5d) Importer(2089858483,192608db42251d675da83286b1cce702)
Start importing Assets/Art/TilePallette/FloorTiles/TileSheet_97.asset using Guid(3be470141be415d4db946bec9cf4cd5d) Importer(2089858483,192608db42251d675da83286b1cce702) (ScriptedImporter) -> (artifact id: '041617a5c104420e2f9c2c519a21f6c5') in 0.0152567 seconds
Number of updated asset objects reloaded before import = 0Number of asset objects unloaded after import = 2

========================================================================
Received Import Request.
  Time since last request: 0.000020 seconds.
  path: Assets/Plugins/Sirenix/Assemblies/Sirenix.OdinInspector.Editor.pdb
  artifactKey: Guid(a4865f1ab4504ed8a368670db22f0a6f) Importer(2089858483,192608db42251d675da83286b1cce702)
Start importing Assets/Plugins/Sirenix/Assemblies/Sirenix.OdinInspector.Editor.pdb using Guid(a4865f1ab4504ed8a368670db22f0a6f) Importer(2089858483,192608db42251d675da83286b1cce702) (ScriptedImporter) -> (artifact id: 'c95989ab1487bfb102ad3ac145ed39d7') in 0.0126249 seconds
Number of updated asset objects reloaded before import = 0Number of asset objects unloaded after import = 1

========================================================================
Received Import Request.
  Time since last request: 0.000018 seconds.
  path: Assets/Art/TilePallette/FloorTiles/TileSheet_92.asset
  artifactKey: Guid(675062c3c3a010d4dbc450e7e3ce8753) Importer(2089858483,192608db42251d675da83286b1cce702)
Start importing Assets/Art/TilePallette/FloorTiles/TileSheet_92.asset using Guid(675062c3c3a010d4dbc450e7e3ce8753) Importer(2089858483,192608db42251d675da83286b1cce702) (ScriptedImporter) -> (artifact id: '7b81febdb2828c418e1459832261a95d') in 0.0148106 seconds
Number of updated asset objects reloaded before import = 0Number of asset objects unloaded after import = 2

========================================================================
Received Import Request.
  Time since last request: 0.000020 seconds.
  path: Assets/Art/TilePallette/Walls/TileSheet_78.asset
  artifactKey: Guid(a06e41a81c147af45ab0457e7567d103) Importer(2089858483,192608db42251d675da83286b1cce702)
Start importing Assets/Art/TilePallette/Walls/TileSheet_78.asset using Guid(a06e41a81c147af45ab0457e7567d103) Importer(2089858483,192608db42251d675da83286b1cce702) (ScriptedImporter) -> (artifact id: '1775f4b41d2d9527a680cffe673c90a6') in 0.0166219 seconds
Number of updated asset objects reloaded before import = 0Number of asset objects unloaded after import = 2

========================================================================
Received Import Request.
  Time since last request: 0.000022 seconds.
  path: Assets/Art/TilePallette/BiomeTiles/Gemini_Generated_Image_62b3pr62b3pr62b3_130.asset
  artifactKey: Guid(4f1f6239d06b91f448d7ae535419e506) Importer(2089858483,192608db42251d675da83286b1cce702)
Start importing Assets/Art/TilePallette/BiomeTiles/Gemini_Generated_Image_62b3pr62b3pr62b3_130.asset using Guid(4f1f6239d06b91f448d7ae535419e506) Importer(2089858483,192608db42251d675da83286b1cce702) (ScriptedImporter) -> (artifact id: '30b219760bd945ab8c6ee6623b956008') in 0.0175467 seconds
Number of updated asset objects reloaded before import = 0Number of asset objects unloaded after import = 2

========================================================================
Received Import Request.
  Time since last request: 0.000030 seconds.
  path: Assets/Art/TilePallette/RoomDecor/Prefabs/Bookshelf1.prefab
  artifactKey: Guid(03a726c87981ad04d9ee9a4e07029e72) Importer(2089858483,192608db42251d675da83286b1cce702)
Start importing Assets/Art/TilePallette/RoomDecor/Prefabs/Bookshelf1.prefab using Guid(03a726c87981ad04d9ee9a4e07029e72) Importer(2089858483,192608db42251d675da83286b1cce702) (ScriptedImporter) -> (artifact id: 'f879abb795f1d09f5b94d06f813164b5') in 0.042582 seconds
Number of updated asset objects reloaded before import = 0Number of asset objects unloaded after import = 8

========================================================================
Received Import Request.
  Time since last request: 0.000024 seconds.
  path: Assets/TextMesh Pro/Resources/Sprite Assets/EmojiOne.asset
  artifactKey: Guid(c41005c129ba4d66911b75229fd70b45) Importer(2089858483,192608db42251d675da83286b1cce702)
Start importing Assets/TextMesh Pro/Resources/Sprite Assets/EmojiOne.asset using Guid(c41005c129ba4d66911b75229fd70b45) Importer(2089858483,192608db42251d675da83286b1cce702) (ScriptedImporter) -> (artifact id: 'cd06f8d03dbdf6664e0a16a57bfab863') in 0.0231399 seconds
Number of updated asset objects reloaded before import = 0Number of asset objects unloaded after import = 3

========================================================================
Received Import Request.
  Time since last request: 0.000018 seconds.
  path: Assets/Art/TilePallette/RoomDecor/Prefabs/Barrel.prefab
  artifactKey: Guid(eeab756ffd2e3ad419b393dfa7f78843) Importer(2089858483,192608db42251d675da83286b1cce702)
Start importing Assets/Art/TilePallette/RoomDecor/Prefabs/Barrel.prefab using Guid(eeab756ffd2e3ad419b393dfa7f78843) Importer(2089858483,192608db42251d675da83286b1cce702) (ScriptedImporter) -> (artifact id: '36ce289cb68de9d91a8190852448b947') in 0.0219135 seconds
Number of updated asset objects reloaded before import = 0Number of asset objects unloaded after import = 8

========================================================================
Received Import Request.
  Time since last request: 0.000027 seconds.
  path: Assets/Art/TilePallette/RoomDecor/Prefabs/Chest.prefab
  artifactKey: Guid(5a09e13fdb7b4084183f0a40a4e5c6bf) Importer(2089858483,192608db42251d675da83286b1cce702)
Start importing Assets/Art/TilePallette/RoomDecor/Prefabs/Chest.prefab using Guid(5a09e13fdb7b4084183f0a40a4e5c6bf) Importer(2089858483,192608db42251d675da83286b1cce702) (ScriptedImporter) -> (artifact id: '132d6db1a135cccc2c22a4a926e053a1') in 0.0176161 seconds
Number of updated asset objects reloaded before import = 0Number of asset objects unloaded after import = 8

========================================================================
Received Import Request.
  Time since last request: 0.000033 seconds.
  path: Assets/Art/TilePallette/RoomDecor/Prefabs/Box.prefab
  artifactKey: Guid(ac70dfa545fc8424fa080e4d6adb1ad5) Importer(2089858483,192608db42251d675da83286b1cce702)
Start importing Assets/Art/TilePallette/RoomDecor/Prefabs/Box.prefab using Guid(ac70dfa545fc8424fa080e4d6adb1ad5) Importer(2089858483,192608db42251d675da83286b1cce702) (ScriptedImporter) -> (artifact id: 'f77aff2cfff62d1fbd955c03ac12e7b2') in 0.0177264 seconds
Number of updated asset objects reloaded before import = 0Number of asset objects unloaded after import = 8

========================================================================
Received Import Request.
  Time since last request: 0.000018 seconds.
  path: Assets/Plugins/Sirenix/Assemblies/Sirenix.OdinValidator.Editor.xml
  artifactKey: Guid(afbf832bc46149f5a291e87cab63096f) Importer(2089858483,192608db42251d675da83286b1cce702)
Start importing Assets/Plugins/Sirenix/Assemblies/Sirenix.OdinValidator.Editor.xml using Guid(afbf832bc46149f5a291e87cab63096f) Importer(2089858483,192608db42251d675da83286b1cce702) (ScriptedImporter) -> (artifact id: '444fc26c616b67657eb9a1367c133c42') in 0.0122394 seconds
Number of updated asset objects reloaded before import = 0Number of asset objects unloaded after import = 1

========================================================================
Received Import Request.
  Time since last request: 0.000016 seconds.
  path: Assets/Art/TilePallette/RoomDecor/Prefabs/Skulls.prefab
  artifactKey: Guid(fd8f9d35d98d4d94abaaff62f4838891) Importer(2089858483,192608db42251d675da83286b1cce702)
Start importing Assets/Art/TilePallette/RoomDecor/Prefabs/Skulls.prefab using Guid(fd8f9d35d98d4d94abaaff62f4838891) Importer(2089858483,192608db42251d675da83286b1cce702) (ScriptedImporter) -> (artifact id: 'b558cffb5bb77cf266e09157af01431e') in 0.0165127 seconds
Number of updated asset objects reloaded before import = 0Number of asset objects unloaded after import = 8

========================================================================
Received Import Request.
  Time since last request: 0.000022 seconds.
  path: Assets/Plugins/Sirenix/Demos/Sample - RPG Editor/Character/Thor.asset
  artifactKey: Guid(97e62a69e9bbc6248b43d048fe8ffc83) Importer(2089858483,192608db42251d675da83286b1cce702)
Start importing Assets/Plugins/Sirenix/Demos/Sample - RPG Editor/Character/Thor.asset using Guid(97e62a69e9bbc6248b43d048fe8ffc83) Importer(2089858483,192608db42251d675da83286b1cce702) (ScriptedImporter) -> (artifact id: 'b24965c8f831c18b9654e74b4a7f4caf') in 0.1086069 seconds
Number of updated asset objects reloaded before import = 0Number of asset objects unloaded after import = 10

========================================================================
Received Import Request.
  Time since last request: 0.000029 seconds.
  path: Assets/Plugins/Sirenix/Demos/Sample - RPG Editor/Character/Loki.asset
  artifactKey: Guid(c41822f64bf65da479cc7d75aa648aa1) Importer(2089858483,192608db42251d675da83286b1cce702)
Start importing Assets/Plugins/Sirenix/Demos/Sample - RPG Editor/Character/Loki.asset using Guid(c41822f64bf65da479cc7d75aa648aa1) Importer(2089858483,192608db42251d675da83286b1cce702) (ScriptedImporter) -> (artifact id: 'f208faae1d344c8b51d7aa05f80a21ef') in 0.0264089 seconds
Number of updated asset objects reloaded before import = 0Number of asset objects unloaded after import = 7

========================================================================
Received Import Request.
  Time since last request: 0.000020 seconds.
  path: Assets/Plugins/Sirenix/Demos/Sample - RPG Editor/Character/Odin.asset
  artifactKey: Guid(eb23e2ddf5b912948b507911212b7f1e) Importer(2089858483,192608db42251d675da83286b1cce702)
Start importing Assets/Plugins/Sirenix/Demos/Sample - RPG Editor/Character/Odin.asset using Guid(eb23e2ddf5b912948b507911212b7f1e) Importer(2089858483,192608db42251d675da83286b1cce702) (ScriptedImporter) -> (artifact id: 'b56a3a75a898cb7101efb98a4e29a26c') in 0.0237012 seconds
Number of updated asset objects reloaded before import = 0Number of asset objects unloaded after import = 5

========================================================================
Received Import Request.
  Time since last request: 0.000018 seconds.
  path: Assets/Plugins/Sirenix/Demos/Sample - RPG Editor/Icons/bow.png
  artifactKey: Guid(8c5e5033fe838ef40989eeb85a513b7f) Importer(2089858483,192608db42251d675da83286b1cce702)
Start importing Assets/Plugins/Sirenix/Demos/Sample - RPG Editor/Icons/bow.png using Guid(8c5e5033fe838ef40989eeb85a513b7f) Importer(2089858483,192608db42251d675da83286b1cce702) (ScriptedImporter) -> (artifact id: '068a5025ed6eec22328a464ca03290fc') in 0.021342 seconds
Number of updated asset objects reloaded before import = 0Number of asset objects unloaded after import = 3

========================================================================
Received Import Request.
  Time since last request: 0.000022 seconds.
  path: Assets/Art/TilePallette/BiomeTiles/Gemini_Generated_Image_62b3pr62b3pr62b3_171.asset
  artifactKey: Guid(cf984bdd96ee8b94cb04e0c298a4d153) Importer(2089858483,192608db42251d675da83286b1cce702)
Start importing Assets/Art/TilePallette/BiomeTiles/Gemini_Generated_Image_62b3pr62b3pr62b3_171.asset using Guid(cf984bdd96ee8b94cb04e0c298a4d153) Importer(2089858483,192608db42251d675da83286b1cce702) (ScriptedImporter) -> (artifact id: '979b0a83f76dcfe8982d5bfb4c2ca6c7') in 0.2261083 seconds
Number of updated asset objects reloaded before import = 0Number of asset objects unloaded after import = 2

========================================================================
Received Import Request.
  Time since last request: 0.000031 seconds.
  path: Assets/Plugins/Sirenix/Odin Inspector/Modules/Unity.Mathematics/Sirenix.OdinInspector.Modules.UnityMathematics.asmdef
  artifactKey: Guid(ad968d605628d06499b62cdc30f11cf8) Importer(2089858483,192608db42251d675da83286b1cce702)
Start importing Assets/Plugins/Sirenix/Odin Inspector/Modules/Unity.Mathematics/Sirenix.OdinInspector.Modules.UnityMathematics.asmdef using Guid(ad968d605628d06499b62cdc30f11cf8) Importer(2089858483,192608db42251d675da83286b1cce702) (ScriptedImporter) -> (artifact id: 'f4f8dda3f9826eb0342d3eebcad57623') in 0.0139033 seconds
Number of updated asset objects reloaded before import = 0Number of asset objects unloaded after import = 1

========================================================================
Received Import Request.
  Time since last request: 0.000019 seconds.
  path: Assets/Plugins/Sirenix/Demos/Sample - RPG Editor/Items/Consumables/New Item.asset
  artifactKey: Guid(4ccd27bf52cba68458273592748c80da) Importer(2089858483,192608db42251d675da83286b1cce702)
Start importing Assets/Plugins/Sirenix/Demos/Sample - RPG Editor/Items/Consumables/New Item.asset using Guid(4ccd27bf52cba68458273592748c80da) Importer(2089858483,192608db42251d675da83286b1cce702) (ScriptedImporter) -> (artifact id: '7aa4d65711fe9c3350bfa34a6a140786') in 0.0152483 seconds
Number of updated asset objects reloaded before import = 0Number of asset objects unloaded after import = 2

========================================================================
Received Import Request.
  Time since last request: 0.000019 seconds.
  path: Assets/Plugins/Sirenix/Demos/Editor Windows/Scripts/Editor/SomeData.cs
  artifactKey: Guid(23d6e50778fcc414388c45efaf3da20f) Importer(2089858483,192608db42251d675da83286b1cce702)
Start importing Assets/Plugins/Sirenix/Demos/Editor Windows/Scripts/Editor/SomeData.cs using Guid(23d6e50778fcc414388c45efaf3da20f) Importer(2089858483,192608db42251d675da83286b1cce702) (ScriptedImporter) -> (artifact id: '15d8f7bb061dacaa0e397eb2f737f5c7') in 0.0137483 seconds
Number of updated asset objects reloaded before import = 0Number of asset objects unloaded after import = 0

========================================================================
Received Import Request.
  Time since last request: 0.000020 seconds.
  path: Assets/Plugins/Sirenix/Demos/Sample - RPG Editor/Scripts/Character/Character.cs
  artifactKey: Guid(ca2b15df8c4ceff41b655ce8b1c672d2) Importer(2089858483,192608db42251d675da83286b1cce702)
Start importing Assets/Plugins/Sirenix/Demos/Sample - RPG Editor/Scripts/Character/Character.cs using Guid(ca2b15df8c4ceff41b655ce8b1c672d2) Importer(2089858483,192608db42251d675da83286b1cce702) (ScriptedImporter) -> (artifact id: '2a6707f589dbd5b2d711822220f030ee') in 0.010483 seconds
Number of updated asset objects reloaded before import = 0Number of asset objects unloaded after import = 0

========================================================================
Received Import Request.
  Time since last request: 0.000018 seconds.
  path: Assets/Plugins/Sirenix/Demos/Editor Windows/Scripts/Editor/QuicklyInspectObjects.cs
  artifactKey: Guid(503c8a9f7cfad80439b12cb7464b21e4) Importer(2089858483,192608db42251d675da83286b1cce702)
Start importing Assets/Plugins/Sirenix/Demos/Editor Windows/Scripts/Editor/QuicklyInspectObjects.cs using Guid(503c8a9f7cfad80439b12cb7464b21e4) Importer(2089858483,192608db42251d675da83286b1cce702) (ScriptedImporter) -> (artifact id: 'd1f8c35a205c0f21bbdf9174eb0789c7') in 0.0129393 seconds
Number of updated asset objects reloaded before import = 0Number of asset objects unloaded after import = 0

========================================================================
Received Import Request.
  Time since last request: 0.000033 seconds.
  path: Assets/Plugins/Sirenix/Demos/Sample - RPG Editor/Scripts/Misc/StatList.cs
  artifactKey: Guid(c26dd1cf04d83264ca25d5bbd07f345e) Importer(2089858483,192608db42251d675da83286b1cce702)
Start importing Assets/Plugins/Sirenix/Demos/Sample - RPG Editor/Scripts/Misc/StatList.cs using Guid(c26dd1cf04d83264ca25d5bbd07f345e) Importer(2089858483,192608db42251d675da83286b1cce702) (ScriptedImporter) -> (artifact id: '3fe6695e897ce2a14683818e1b04331f') in 0.0132004 seconds
Number of updated asset objects reloaded before import = 0Number of asset objects unloaded after import = 0

========================================================================
Received Import Request.
  Time since last request: 0.000027 seconds.
  path: Assets/Plugins/Sirenix/Demos/Sample - RPG Editor/Scripts/Items/ItemTypes.cs
  artifactKey: Guid(398fefef547fb334697c94ac74c7fdff) Importer(2089858483,192608db42251d675da83286b1cce702)
Start importing Assets/Plugins/Sirenix/Demos/Sample - RPG Editor/Scripts/Items/ItemTypes.cs using Guid(398fefef547fb334697c94ac74c7fdff) Importer(2089858483,192608db42251d675da83286b1cce702) (ScriptedImporter) -> (artifact id: '046baf9a656e23ed9830a6cccdf84a0f') in 0.0129595 seconds
Number of updated asset objects reloaded before import = 0Number of asset objects unloaded after import = 0

========================================================================
Received Import Request.
  Time since last request: 0.000019 seconds.
  path: Assets/Plugins/Sirenix/Odin Inspector/Assets/Editor/Hidden/SdfIconShader.shader
  artifactKey: Guid(99e0f263ae4ed2d4d962a2e995dff6df) Importer(2089858483,192608db42251d675da83286b1cce702)
Start importing Assets/Plugins/Sirenix/Odin Inspector/Assets/Editor/Hidden/SdfIconShader.shader using Guid(99e0f263ae4ed2d4d962a2e995dff6df) Importer(2089858483,192608db42251d675da83286b1cce702) (ScriptedImporter) -> (artifact id: 'cae4491352eb4954b16266a61c0d5896') in 0.0126622 seconds
Number of updated asset objects reloaded before import = 0Number of asset objects unloaded after import = 1

========================================================================
Received Import Request.
  Time since last request: 0.000016 seconds.
  path: Assets/Plugins/Sirenix/Demos/Sample - RPG Editor/Scripts/Character/CharacterStats.cs
  artifactKey: Guid(d3ac546c86b6bd344ab70f02fc901fe1) Importer(2089858483,192608db42251d675da83286b1cce702)
Start importing Assets/Plugins/Sirenix/Demos/Sample - RPG Editor/Scripts/Character/CharacterStats.cs using Guid(d3ac546c86b6bd344ab70f02fc901fe1) Importer(2089858483,192608db42251d675da83286b1cce702) (ScriptedImporter) -> (artifact id: '2e5b42d39aa415dc00701f85b340c8ea') in 0.0130109 seconds
Number of updated asset objects reloaded before import = 0Number of asset objects unloaded after import = 0

========================================================================
Received Import Request.
  Time since last request: 0.000021 seconds.
  path: Assets/Art/TilePallette/BiomeTiles/Gemini_Generated_Image_62b3pr62b3pr62b3_228.asset
  artifactKey: Guid(9398e4edb3eaef749a83d4bf8921024d) Importer(2089858483,192608db42251d675da83286b1cce702)
Start importing Assets/Art/TilePallette/BiomeTiles/Gemini_Generated_Image_62b3pr62b3pr62b3_228.asset using Guid(9398e4edb3eaef749a83d4bf8921024d) Importer(2089858483,192608db42251d675da83286b1cce702) (ScriptedImporter) -> (artifact id: '96b7bb5e0034f4b2775b3cc0b6367818') in 0.013719 seconds
Number of updated asset objects reloaded before import = 0Number of asset objects unloaded after import = 2

========================================================================
Received Import Request.
  Time since last request: 0.000032 seconds.
  path: Assets/Art/TilePallette/BiomeTiles/Gemini_Generated_Image_62b3pr62b3pr62b3_43.asset
  artifactKey: Guid(f4096c6dbc421f44492f588afb0c55de) Importer(2089858483,192608db42251d675da83286b1cce702)
Start importing Assets/Art/TilePallette/BiomeTiles/Gemini_Generated_Image_62b3pr62b3pr62b3_43.asset using Guid(f4096c6dbc421f44492f588afb0c55de) Importer(2089858483,192608db42251d675da83286b1cce702) (ScriptedImporter) -> (artifact id: '3bf9cb90d2fb52fe783a29d608284450') in 0.0186722 seconds
Number of updated asset objects reloaded before import = 0Number of asset objects unloaded after import = 2

========================================================================
Received Import Request.
  Time since last request: 0.000024 seconds.
  path: Assets/Scripts/SO/SimpleRandomWalkSO.cs
  artifactKey: Guid(88d440b60548c974c9c17779267c738a) Importer(2089858483,192608db42251d675da83286b1cce702)
Start importing Assets/Scripts/SO/SimpleRandomWalkSO.cs using Guid(88d440b60548c974c9c17779267c738a) Importer(2089858483,192608db42251d675da83286b1cce702) (ScriptedImporter) -> (artifact id: 'c67e1e7adab795335b55a2de2c7bac9e') in 0.0128619 seconds
Number of updated asset objects reloaded before import = 0Number of asset objects unloaded after import = 0

========================================================================
Received Import Request.
  Time since last request: 0.000022 seconds.
  path: Assets/Plugins/Sirenix/Assemblies/NoEditor/Sirenix.Serialization.pdb
  artifactKey: Guid(5651992cdad94894a3af7dc3f1da0a6f) Importer(2089858483,192608db42251d675da83286b1cce702)
Start importing Assets/Plugins/Sirenix/Assemblies/NoEditor/Sirenix.Serialization.pdb using Guid(5651992cdad94894a3af7dc3f1da0a6f) Importer(2089858483,192608db42251d675da83286b1cce702) (ScriptedImporter) -> (artifact id: '1cd94aef5bd58be3147cbbdbafae0b90') in 0.0143307 seconds
Number of updated asset objects reloaded before import = 0Number of asset objects unloaded after import = 1

========================================================================
Received Import Request.
  Time since last request: 0.000022 seconds.
  path: Assets/Art/TilePallette/FloorTiles/TileSheet_125.asset
  artifactKey: Guid(93b781767ca92c14ba62e0522f2f5ec3) Importer(2089858483,192608db42251d675da83286b1cce702)
Start importing Assets/Art/TilePallette/FloorTiles/TileSheet_125.asset using Guid(93b781767ca92c14ba62e0522f2f5ec3) Importer(2089858483,192608db42251d675da83286b1cce702) (ScriptedImporter) -> (artifact id: '90cab6f43b243e81c153211ef3a3ea7e') in 0.0165093 seconds
Number of updated asset objects reloaded before import = 0Number of asset objects unloaded after import = 2

========================================================================
Received Import Request.
  Time since last request: 0.000031 seconds.
  path: Assets/Art/TilePallette/BiomeTiles/Gemini_Generated_Image_62b3pr62b3pr62b3_104.asset
  artifactKey: Guid(02c1fd1ab2dbac24eac9bf6363971e51) Importer(2089858483,192608db42251d675da83286b1cce702)
Start importing Assets/Art/TilePallette/BiomeTiles/Gemini_Generated_Image_62b3pr62b3pr62b3_104.asset using Guid(02c1fd1ab2dbac24eac9bf6363971e51) Importer(2089858483,192608db42251d675da83286b1cce702) (ScriptedImporter) -> (artifact id: 'f7bf4677cc267ee89ca5cf871249f563') in 0.0191617 seconds
Number of updated asset objects reloaded before import = 0Number of asset objects unloaded after import = 2

========================================================================
Received Import Request.
  Time since last request: 0.000018 seconds.
  path: Assets/Plugins/Sirenix/Demos/Editor Windows/Scripts/Editor/OdinMenuStyleExample.cs
  artifactKey: Guid(e18d6c02692f0604f84f93cb250834f1) Importer(2089858483,192608db42251d675da83286b1cce702)
Start importing Assets/Plugins/Sirenix/Demos/Editor Windows/Scripts/Editor/OdinMenuStyleExample.cs using Guid(e18d6c02692f0604f84f93cb250834f1) Importer(2089858483,192608db42251d675da83286b1cce702) (ScriptedImporter) -> (artifact id: '9ba054390a6363fe56dde54c2d6798bc') in 0.0129376 seconds
Number of updated asset objects reloaded before import = 0Number of asset objects unloaded after import = 0

========================================================================
Received Import Request.
  Time since last request: 0.000019 seconds.
  path: Assets/Art/TilePallette/TileSheet_99.asset
  artifactKey: Guid(5ba8f5e56882c20438628434f4bccb80) Importer(2089858483,192608db42251d675da83286b1cce702)
Start importing Assets/Art/TilePallette/TileSheet_99.asset using Guid(5ba8f5e56882c20438628434f4bccb80) Importer(2089858483,192608db42251d675da83286b1cce702) (ScriptedImporter) -> (artifact id: '4060f6e9c47b96882e6aecc131f27764') in 0.0142401 seconds
Number of updated asset objects reloaded before import = 0Number of asset objects unloaded after import = 2

========================================================================
Received Import Request.
  Time since last request: 0.000022 seconds.
  path: Assets/Art/TilePallette/BiomeTiles/Gemini_Generated_Image_62b3pr62b3pr62b3_32.asset
  artifactKey: Guid(57af2ad709a7706449a86aae7172b7af) Importer(2089858483,192608db42251d675da83286b1cce702)
Start importing Assets/Art/TilePallette/BiomeTiles/Gemini_Generated_Image_62b3pr62b3pr62b3_32.asset using Guid(57af2ad709a7706449a86aae7172b7af) Importer(2089858483,192608db42251d675da83286b1cce702) (ScriptedImporter) -> (artifact id: '886206140fe1d40484f8256e98ab46bb') in 0.0134987 seconds
Number of updated asset objects reloaded before import = 0Number of asset objects unloaded after import = 2

========================================================================
Received Import Request.
  Time since last request: 0.000024 seconds.
  path: Assets/Art/TilePallette/BiomeTiles/Gemini_Generated_Image_62b3pr62b3pr62b3_190.asset
  artifactKey: Guid(9dc0e3b52ad6ff046b6529fb3a3a02e5) Importer(2089858483,192608db42251d675da83286b1cce702)
Start importing Assets/Art/TilePallette/BiomeTiles/Gemini_Generated_Image_62b3pr62b3pr62b3_190.asset using Guid(9dc0e3b52ad6ff046b6529fb3a3a02e5) Importer(2089858483,192608db42251d675da83286b1cce702) (ScriptedImporter) -> (artifact id: '030a745e1a06bf3dcab707f86381e07e') in 0.0145747 seconds
Number of updated asset objects reloaded before import = 0Number of asset objects unloaded after import = 2

========================================================================
Received Import Request.
  Time since last request: 0.000026 seconds.
  path: Assets/Art/TilePallette/BiomeTiles/Gemini_Generated_Image_62b3pr62b3pr62b3_39.asset
  artifactKey: Guid(0612d1a7b398a9643be740e719a531ea) Importer(2089858483,192608db42251d675da83286b1cce702)
Start importing Assets/Art/TilePallette/BiomeTiles/Gemini_Generated_Image_62b3pr62b3pr62b3_39.asset using Guid(0612d1a7b398a9643be740e719a531ea) Importer(2089858483,192608db42251d675da83286b1cce702) (ScriptedImporter) -> (artifact id: '3ba0cbd2cea36fe0d8983f226e3d137e') in 0.0314585 seconds
Number of updated asset objects reloaded before import = 0Number of asset objects unloaded after import = 2

========================================================================
Received Import Request.
  Time since last request: 0.000015 seconds.
  path: Assets/Art/TilePallette/BiomeTiles/Gemini_Generated_Image_62b3pr62b3pr62b3_50.asset
  artifactKey: Guid(a9209791e8dfaf241bc0e2a855d9aa8a) Importer(2089858483,192608db42251d675da83286b1cce702)
Start importing Assets/Art/TilePallette/BiomeTiles/Gemini_Generated_Image_62b3pr62b3pr62b3_50.asset using Guid(a9209791e8dfaf241bc0e2a855d9aa8a) Importer(2089858483,192608db42251d675da83286b1cce702) (ScriptedImporter) -> (artifact id: 'ad88dfd01fd1d1d27286fd1aa69c4979') in 0.0137773 seconds
Number of updated asset objects reloaded before import = 0Number of asset objects unloaded after import = 2

========================================================================
Received Import Request.
  Time since last request: 0.000019 seconds.
  path: Assets/Art/TilePallette/FloorTiles/TileSheet_50.asset
  artifactKey: Guid(5a4e7ccd611ab424c94f77e44c25b25f) Importer(2089858483,192608db42251d675da83286b1cce702)
Start importing Assets/Art/TilePallette/FloorTiles/TileSheet_50.asset using Guid(5a4e7ccd611ab424c94f77e44c25b25f) Importer(2089858483,192608db42251d675da83286b1cce702) (ScriptedImporter) -> (artifact id: 'a2c8b27d3e14e8c833a5903c20811404') in 0.014991 seconds
Number of updated asset objects reloaded before import = 0Number of asset objects unloaded after import = 2

========================================================================
Received Import Request.
  Time since last request: 0.000024 seconds.
  path: Assets/Art/TilePallette/BiomeTiles/Gemini_Generated_Image_62b3pr62b3pr62b3_195.asset
  artifactKey: Guid(5bf1f1e1d16d29847ad9136e23281055) Importer(2089858483,192608db42251d675da83286b1cce702)
Start importing Assets/Art/TilePallette/BiomeTiles/Gemini_Generated_Image_62b3pr62b3pr62b3_195.asset using Guid(5bf1f1e1d16d29847ad9136e23281055) Importer(2089858483,192608db42251d675da83286b1cce702) (ScriptedImporter) -> (artifact id: 'e3b8feaa5b5553d0abda08af16cabab0') in 0.0145656 seconds
Number of updated asset objects reloaded before import = 0Number of asset objects unloaded after import = 2

========================================================================
Received Import Request.
  Time since last request: 0.000032 seconds.
  path: Assets/Art/TilePallette/BiomeTiles/Gemini_Generated_Image_62b3pr62b3pr62b3_237.asset
  artifactKey: Guid(4f1819b1141540f4abb0cce58c00b9ca) Importer(2089858483,192608db42251d675da83286b1cce702)
Start importing Assets/Art/TilePallette/BiomeTiles/Gemini_Generated_Image_62b3pr62b3pr62b3_237.asset using Guid(4f1819b1141540f4abb0cce58c00b9ca) Importer(2089858483,192608db42251d675da83286b1cce702) (ScriptedImporter) -> (artifact id: 'e924272dc3ef2079f1374d3f037db2cb') in 0.0159019 seconds
Number of updated asset objects reloaded before import = 0Number of asset objects unloaded after import = 2

========================================================================
Received Import Request.
  Time since last request: 0.000019 seconds.
  path: Assets/Art/TilePallette/BiomeTiles/Gemini_Generated_Image_62b3pr62b3pr62b3_49.asset
  artifactKey: Guid(a8fe54532485cb748a49571545316f17) Importer(2089858483,192608db42251d675da83286b1cce702)
Start importing Assets/Art/TilePallette/BiomeTiles/Gemini_Generated_Image_62b3pr62b3pr62b3_49.asset using Guid(a8fe54532485cb748a49571545316f17) Importer(2089858483,192608db42251d675da83286b1cce702) (ScriptedImporter) -> (artifact id: '81c387efe6d19385696f832ee640a035') in 0.014308 seconds
Number of updated asset objects reloaded before import = 0Number of asset objects unloaded after import = 2

========================================================================
Received Import Request.
  Time since last request: 0.000020 seconds.
  path: Assets/Art/TilePallette/BiomeTiles/Gemini_Generated_Image_62b3pr62b3pr62b3_249.asset
  artifactKey: Guid(9c6414a85da39884c83e8217a9e18a68) Importer(2089858483,192608db42251d675da83286b1cce702)
Start importing Assets/Art/TilePallette/BiomeTiles/Gemini_Generated_Image_62b3pr62b3pr62b3_249.asset using Guid(9c6414a85da39884c83e8217a9e18a68) Importer(2089858483,192608db42251d675da83286b1cce702) (ScriptedImporter) -> (artifact id: 'fa7897a6fb6e57dfdbd1f68e6110e80d') in 0.0148129 seconds
Number of updated asset objects reloaded before import = 0Number of asset objects unloaded after import = 2

========================================================================
Received Import Request.
  Time since last request: 0.000017 seconds.
  path: Assets/Art/TilePallette/Walls/TileSheet_36.asset
  artifactKey: Guid(5dac2b14c4a7542459829e194ce9d8b5) Importer(2089858483,192608db42251d675da83286b1cce702)
Start importing Assets/Art/TilePallette/Walls/TileSheet_36.asset using Guid(5dac2b14c4a7542459829e194ce9d8b5) Importer(2089858483,192608db42251d675da83286b1cce702) (ScriptedImporter) -> (artifact id: '56ad10bedbc4655c6a6f7ac31e6befa4') in 0.0136564 seconds
Number of updated asset objects reloaded before import = 0Number of asset objects unloaded after import = 2

========================================================================
Received Import Request.
  Time since last request: 0.000043 seconds.
  path: Assets/Art/TilePallette/FloorTiles/TileSheet_126.asset
  artifactKey: Guid(0c29b32f311ba844582364167736d683) Importer(2089858483,192608db42251d675da83286b1cce702)
Start importing Assets/Art/TilePallette/FloorTiles/TileSheet_126.asset using Guid(0c29b32f311ba844582364167736d683) Importer(2089858483,192608db42251d675da83286b1cce702) (ScriptedImporter) -> (artifact id: '614168fd090cd303c67618ee71648a7d') in 0.0139469 seconds
Number of updated asset objects reloaded before import = 0Number of asset objects unloaded after import = 2

Editor requested this worker to shutdown with reason: Scaling down because of idle timeout
AssetImportWorker is now disconnected from the server
Process exiting
Exiting without the bug reporter. Application will terminate with return code 0