[Licensing::Module] Trying to connect to existing licensing client channel...
Built from '6000.2/staging' branch; Version is '6000.2.10f1 (d3d30d158480) revision 13882125'; Using compiler version '194234433'; Build Type 'Release'
[Licensing::IpcConnector] Successfully connected to: "LicenseClient-User" at "2026-04-30T07:59:08.1559295Z"
OS: 'Windows 11  (10.0.26200) 64bit Core' Language: 'en' Physical Memory: 32692 MB
BatchMode: 1, IsHumanControllingUs: 0, StartBugReporterOnCrash: 0, Is64bit: 1
Date: 2026-04-30T07:59:08Z

COMMAND LINE ARGUMENTS:
C:\Program Files\6000.2.10f1\Editor\Unity.exe
-adb2
-batchMode
-noUpm
-name
AssetImportWorker4
-projectPath
E:/ProceduralDungeon
-logFile
Logs/AssetImportWorker4.log
-srvPort
65522
-licensingIpc
LicenseClient-User
-job-worker-count
11
-background-job-worker-count
8
-gc-helper-count
1
-name
AssetImport
Successfully changed project path to: E:/ProceduralDungeon
E:/ProceduralDungeon
[UnityMemory] Configuration Parameters - Can be set up in boot.config
    "memorysetup-allocator-temp-initial-block-size-main=262144"
    "memorysetup-allocator-temp-initial-block-size-worker=262144"
    "memorysetup-bucket-allocator-granularity=16"
    "memorysetup-bucket-allocator-bucket-count=8"
    "memorysetup-bucket-allocator-block-size=33554432"
    "memorysetup-bucket-allocator-block-count=8"
    "memorysetup-main-allocator-block-size=16777216"
    "memorysetup-thread-allocator-block-size=16777216"
    "memorysetup-gfx-main-allocator-block-size=16777216"
    "memorysetup-gfx-thread-allocator-block-size=16777216"
    "memorysetup-cache-allocator-block-size=4194304"
    "memorysetup-typetree-allocator-block-size=2097152"
    "memorysetup-profiler-bucket-allocator-granularity=16"
    "memorysetup-profiler-bucket-allocator-bucket-count=8"
    "memorysetup-profiler-bucket-allocator-block-size=33554432"
    "memorysetup-profiler-bucket-allocator-block-count=8"
    "memorysetup-profiler-allocator-block-size=16777216"
    "memorysetup-profiler-editor-allocator-block-size=1048576"
    "memorysetup-temp-allocator-size-main=16777216"
    "memorysetup-job-temp-allocator-block-size=2097152"
    "memorysetup-job-temp-allocator-block-size-background=1048576"
    "memorysetup-job-temp-allocator-reduction-small-platforms=262144"
    "memorysetup-temp-allocator-size-background-worker=32768"
    "memorysetup-temp-allocator-size-job-worker=262144"
    "memorysetup-temp-allocator-size-preload-manager=33554432"
    "memorysetup-temp-allocator-size-nav-mesh-worker=65536"
    "memorysetup-temp-allocator-size-audio-worker=65536"
    "memorysetup-temp-allocator-size-cloud-worker=32768"
    "memorysetup-temp-allocator-size-gi-baking-worker=262144"
    "memorysetup-temp-allocator-size-gi-baking-worker=262144"
    "memorysetup-temp-allocator-size-gi-baking-worker=262144"
    "memorysetup-temp-allocator-size-gi-baking-worker=262144"
    "memorysetup-temp-allocator-size-gi-baking-worker=262144"
    "memorysetup-temp-allocator-size-gfx=262144"
Player connection [30192]  Target information:

Player connection [30192]  * "[IP] 192.168.1.184 [Port] 0 [Flags] 2 [Guid] 2346744719 [EditorId] 2346744719 [Version] 1048832 [Id] WindowsEditor(7,DESKTOP-MROA2G9) [Debug] 1 [PackageName] WindowsEditor [ProjectName] Editor" 

Player connection [30192] Host joined multi-casting on [225.0.0.222:54997]...
Player connection [30192] Host joined alternative multi-casting on [225.0.0.222:34997]...
JobSystem: Creating JobQueue using job-worker-count value 11
Input System module state changed to: Initialized.
[Physics::Module] Initialized fallback backend.
[Physics::Module] Id: 0xdecafbad
[Licensing::Client] Code 10 while verifying Licensing Client signature (process Id: 32940, path: "C:/Users/User/Desktop/Unity Hub/UnityLicensingClient_V1/Unity.Licensing.Client.exe")
[Licensing::Module] LicensingClient has failed validation; ignoring
[Licensing::Client] Handshaking with LicensingClient:
  Version:                 1.17.4+4293ba1
  Session Id:              d8950298f58648aba7d4ddbb6a3ffbd2
  Correlation Id:          81d203aaf5b43afd424cb7c3d250fefc
  External correlation Id: 8335789396707841994
  Machine Id:              N26h/t0TNiQkg8J0E+Djhoi8Vvg=
[Licensing::Module] Successfully connected to LicensingClient on channel: "LicenseClient-User" (connect: 0.00s, validation: 0.00s, handshake: 0.06s)
[Licensing::IpcConnector] Successfully connected to: "LicenseClient-User-notifications" at "2026-04-30T07:59:08.2187971Z"
[Licensing::Module] Licensing Background thread has ended after 0.06s
Library Redirect Path: Library/
[Physics::Module] Selected backend.
[Physics::Module] Name: PhysX
[Physics::Module] Id: 0xf2b8ea05
[Physics::Module] SDK Version: 4.1.2
[Physics::Module] Integration Version: 1.0.0
[Physics::Module] Threading Mode: Multi-Threaded
Refreshing native plugins compatible for Editor in 3.63 ms, found 4 plugins.
Preloading 0 native plugins for Editor in 0.00 ms.
Initialize engine version: 6000.2.10f1 (d3d30d158480)
[Subsystems] Discovering subsystems at path C:/Program Files/6000.2.10f1/Editor/Data/Resources/UnitySubsystems
[Subsystems] Discovering subsystems at path E:/ProceduralDungeon/Assets
GfxDevice: creating device client; kGfxThreadingModeNonThreaded
Direct3D:
    Version:  Direct3D 11.0 [level 11.1]
    Renderer: NVIDIA GeForce RTX 3070 (ID=0x2484)
    Vendor:   NVIDIA
    VRAM:     8018 MB
    Driver:   32.0.15.6636
Initialize mono
Mono path[0] = 'C:/Program Files/6000.2.10f1/Editor/Data/Managed'
Mono path[1] = 'C:/Program Files/6000.2.10f1/Editor/Data/MonoBleedingEdge/lib/mono/unityjit-win32'
Mono config path = 'C:/Program Files/6000.2.10f1/Editor/Data/MonoBleedingEdge/etc'
Using monoOptions --debugger-agent=transport=dt_socket,embedding=1,server=y,suspend=n,address=127.0.0.1:56628
Begin MonoManager ReloadAssembly
Registering precompiled unity dll's ...
Register platform support module: C:/Program Files/6000.2.10f1/Editor/Data/PlaybackEngines/WindowsStandaloneSupport/UnityEditor.WindowsStandalone.Extensions.dll
Registered in 0.002731 seconds.
- Loaded All Assemblies, in  0.538 seconds
Native extension for WindowsStandalone target not found
Mono: successfully reloaded assembly
- Finished resetting the current domain, in  0.469 seconds
Domain Reload Profiling: 1001ms
	BeginReloadAssembly (218ms)
		ExecutionOrderSort (0ms)
		DisableScriptedObjects (0ms)
		BackupInstance (0ms)
		ReleaseScriptingObjects (0ms)
		CreateAndSetChildDomain (1ms)
	RebuildCommonClasses (46ms)
	RebuildNativeTypeToScriptingClass (15ms)
	initialDomainReloadingComplete (61ms)
	LoadAllAssembliesAndSetupDomain (192ms)
		LoadAssemblies (213ms)
		RebuildTransferFunctionScriptingTraits (0ms)
		AnalyzeDomain (188ms)
			TypeCache.Refresh (186ms)
				TypeCache.ScanAssembly (170ms)
			BuildScriptInfoCaches (0ms)
			ResolveRequiredComponents (0ms)
	FinalizeReload (469ms)
		ReleaseScriptCaches (0ms)
		RebuildScriptCaches (0ms)
		SetupLoadedEditorAssemblies (422ms)
			LogAssemblyErrors (0ms)
			InitializePlatformSupportModulesInManaged (56ms)
			SetLoadedEditorAssemblies (4ms)
			BeforeProcessingInitializeOnLoad (92ms)
			ProcessInitializeOnLoadAttributes (189ms)
			ProcessInitializeOnLoadMethodAttributes (80ms)
			AfterProcessingInitializeOnLoad (0ms)
			EditorAssembliesLoaded (0ms)
		ExecutionOrderSort2 (0ms)
		AwakeInstancesAfterBackupRestoration (0ms)
========================================================================
Worker process is ready to serve import requests
Import Worker Mode flag is 0x00
Begin MonoManager ReloadAssembly
[Licensing::Client] Successfully resolved entitlement details
[Licensing::Module] License group:
  Id: F4-RHZR-CMD6-PD46-HR52-XXXX
  Product: Unity Personal
  Type: ULF
  Expiration: Unlimited
[Licensing::Module] License group:
  Id: 6872308939192-UnityPersXXXX
  Product: Unity Personal
  Type: Assigned
  Expiration: Unlimited
- Loaded All Assemblies, in  1.399 seconds
Refreshing native plugins compatible for Editor in 2.05 ms, found 4 plugins.
Native extension for WindowsStandalone target not found
Package Manager log level set to [2]
[Package Manager] Failed to launch server process. Reason: Unity was launched with the -noUpm command-line argument
[Package Manager] Unable to send message (not connected to server process).
[Package Manager] Cannot connect to Unity Package Manager local server
Mono: successfully reloaded assembly
- Finished resetting the current domain, in  1.968 seconds
Domain Reload Profiling: 3359ms
	BeginReloadAssembly (257ms)
		ExecutionOrderSort (0ms)
		DisableScriptedObjects (9ms)
		BackupInstance (0ms)
		ReleaseScriptingObjects (0ms)
		CreateAndSetChildDomain (40ms)
	RebuildCommonClasses (49ms)
	RebuildNativeTypeToScriptingClass (17ms)
	initialDomainReloadingComplete (61ms)
	LoadAllAssembliesAndSetupDomain (1006ms)
		LoadAssemblies (683ms)
		RebuildTransferFunctionScriptingTraits (0ms)
		AnalyzeDomain (472ms)
			TypeCache.Refresh (376ms)
				TypeCache.ScanAssembly (351ms)
			BuildScriptInfoCaches (75ms)
			ResolveRequiredComponents (16ms)
	FinalizeReload (1968ms)
		ReleaseScriptCaches (0ms)
		RebuildScriptCaches (0ms)
		SetupLoadedEditorAssemblies (1754ms)
			LogAssemblyErrors (0ms)
			InitializePlatformSupportModulesInManaged (3ms)
			SetLoadedEditorAssemblies (8ms)
			BeforeProcessingInitializeOnLoad (245ms)
			ProcessInitializeOnLoadAttributes (1308ms)
			ProcessInitializeOnLoadMethodAttributes (182ms)
			AfterProcessingInitializeOnLoad (8ms)
			EditorAssembliesLoaded (0ms)
		ExecutionOrderSort2 (0ms)
		AwakeInstancesAfterBackupRestoration (8ms)
Launched and connected shader compiler UnityShaderCompiler.exe after 0.01 seconds
Refreshing native plugins compatible for Editor in 3.85 ms, found 4 plugins.
Preloading 0 native plugins for Editor in 0.00 ms.
Unloading 13 Unused Serialized files (Serialized files now loaded: 0)
Unloading 6816 unused Assets / (5.0 MB). Loaded Objects now: 7616.
Memory consumption went from 142.1 MB to 137.1 MB.
Total: 57.766100 ms (FindLiveObjects: 2.169900 ms CreateObjectMapping: 2.363200 ms MarkObjects: 47.436800 ms  DeleteObjects: 5.794000 ms)

========================================================================
Received Import Request.
  Time since last request: 356648.791897 seconds.
  path: Assets/Art/TilePallette/RoomDecor/Prefabs/FastPotion.prefab
  artifactKey: Guid(ff92a95371744264e81214b5ec3a2256) Importer(815301076,1909f56bfc062723c751e8b465ee728b)
Start importing Assets/Art/TilePallette/RoomDecor/Prefabs/FastPotion.prefab using Guid(ff92a95371744264e81214b5ec3a2256) Importer(815301076,1909f56bfc062723c751e8b465ee728b) (PreviewImporter) -> (artifact id: '94e7ef85a40bb486595c3ffa6b1429f0') in 0.5918287 seconds
Number of updated asset objects reloaded before import = 0Number of asset objects unloaded after import = 9

========================================================================
Received Import Request.
  Time since last request: 0.000043 seconds.
  path: Assets/Art/TilePallette/RoomDecor/Prefabs/StrongPotion.prefab
  artifactKey: Guid(5d90ab53c937f8245a8ee82ebcaa495a) Importer(815301076,1909f56bfc062723c751e8b465ee728b)
Start importing Assets/Art/TilePallette/RoomDecor/Prefabs/StrongPotion.prefab using Guid(5d90ab53c937f8245a8ee82ebcaa495a) Importer(815301076,1909f56bfc062723c751e8b465ee728b) (PreviewImporter) -> (artifact id: '2ec07b559a87b3df7ef37b12c624be45') in 0.0195064 seconds
Number of updated asset objects reloaded before import = 0Number of asset objects unloaded after import = 9

========================================================================
Received Import Request.
  Time since last request: 0.000065 seconds.
  path: Assets/Art/TilePallette/RoomDecor/Prefabs/Skulls.prefab
  artifactKey: Guid(fd8f9d35d98d4d94abaaff62f4838891) Importer(815301076,1909f56bfc062723c751e8b465ee728b)
Start importing Assets/Art/TilePallette/RoomDecor/Prefabs/Skulls.prefab using Guid(fd8f9d35d98d4d94abaaff62f4838891) Importer(815301076,1909f56bfc062723c751e8b465ee728b) (PreviewImporter) -> (artifact id: '33f2faa31a85db074372dbe2975003ad') in 0.0187997 seconds
Number of updated asset objects reloaded before import = 0Number of asset objects unloaded after import = 8

========================================================================
Received Import Request.
  Time since last request: 0.000041 seconds.
  path: Assets/Art/TilePallette/RoomDecor/Prefabs/ChestOpen.prefab
  artifactKey: Guid(26ec0a370127a3849901dd0bf57af32e) Importer(815301076,1909f56bfc062723c751e8b465ee728b)
Start importing Assets/Art/TilePallette/RoomDecor/Prefabs/ChestOpen.prefab using Guid(26ec0a370127a3849901dd0bf57af32e) Importer(815301076,1909f56bfc062723c751e8b465ee728b) (PreviewImporter) -> (artifact id: 'c956a859323a499413fa11ae4e0d2a1b') in 0.0170845 seconds
Number of updated asset objects reloaded before import = 0Number of asset objects unloaded after import = 8

========================================================================
Received Import Request.
  Time since last request: 3.048609 seconds.
  path: Assets/Scenes/SampleScene.unity
  artifactKey: Guid(8c9cfa26abfee488c85f1582747f6a02) Importer(815301076,1909f56bfc062723c751e8b465ee728b)
Start importing Assets/Scenes/SampleScene.unity using Guid(8c9cfa26abfee488c85f1582747f6a02) Importer(815301076,1909f56bfc062723c751e8b465ee728b) (PreviewImporter) -> (artifact id: '74a43871e9af9e49c1e7b22377e1a145') in 0.0006384 seconds
Number of updated asset objects reloaded before import = 0Number of asset objects unloaded after import = 0

========================================================================
Received Import Request.
  Time since last request: 517.728674 seconds.
  path: Assets/Art/TilePallette/RoomDecor/Prefabs/IdleFemale.png
  artifactKey: Guid(9b230487079ae7547af56b28897fd7f0) Importer(815301076,1909f56bfc062723c751e8b465ee728b)
Start importing Assets/Art/TilePallette/RoomDecor/Prefabs/IdleFemale.png using Guid(9b230487079ae7547af56b28897fd7f0) Importer(815301076,1909f56bfc062723c751e8b465ee728b) (PreviewImporter) -> (artifact id: '0a85c5ff4e197ef1fce718d70b400abc') in 0.0438471 seconds
Number of updated asset objects reloaded before import = 0Number of asset objects unloaded after import = 3

========================================================================
Received Import Request.
  Time since last request: 15.557045 seconds.
  path: Assets/Art/TilePallette/RoomDecor/Prefabs/IdleFemale_0.prefab
  artifactKey: Guid(311aa524eb12d7b41a38fcf72555271c) Importer(815301076,1909f56bfc062723c751e8b465ee728b)
Start importing Assets/Art/TilePallette/RoomDecor/Prefabs/IdleFemale_0.prefab using Guid(311aa524eb12d7b41a38fcf72555271c) Importer(815301076,1909f56bfc062723c751e8b465ee728b) (PreviewImporter) -> (artifact id: 'd062fde0a7a1045ad751b7db8e432f63') in 0.0160662 seconds
Number of updated asset objects reloaded before import = 0Number of asset objects unloaded after import = 7

========================================================================
Received Import Request.
  Time since last request: 3.403631 seconds.
  path: Assets/Art/TilePallette/RoomDecor/Prefabs/IdleFemale_0.prefab
  artifactKey: Guid(311aa524eb12d7b41a38fcf72555271c) Importer(815301076,1909f56bfc062723c751e8b465ee728b)
Start importing Assets/Art/TilePallette/RoomDecor/Prefabs/IdleFemale_0.prefab using Guid(311aa524eb12d7b41a38fcf72555271c) Importer(815301076,1909f56bfc062723c751e8b465ee728b) (PreviewImporter) -> (artifact id: '2ddd30ac4b8c3cfa5ea9b3a3a1a1f8ac') in 0.001935 seconds
Number of updated asset objects reloaded before import = 0Number of asset objects unloaded after import = 5

========================================================================
Received Import Request.
  Time since last request: 47.924150 seconds.
  path: Assets/Art/TilePallette/RoomDecor/Prefabs/IdleFemale.png
  artifactKey: Guid(9b230487079ae7547af56b28897fd7f0) Importer(815301076,1909f56bfc062723c751e8b465ee728b)
Start importing Assets/Art/TilePallette/RoomDecor/Prefabs/IdleFemale.png using Guid(9b230487079ae7547af56b28897fd7f0) Importer(815301076,1909f56bfc062723c751e8b465ee728b) (PreviewImporter) -> (artifact id: '9eebd00cda2fe25ab3bd66af31dc4c62') in 0.0161511 seconds
Number of updated asset objects reloaded before import = 0Number of asset objects unloaded after import = 3

========================================================================
Received Prepare
Assembly reference Packages/com.unity.cinemachine/Editor/Samples/ExposeHDRPInternals/HDRP-Editor-ref.asmref has no target assembly definition
Assembly reference Packages/com.unity.cinemachine/Editor/Samples/ExposeHDRPInternals/HDRP-Editor-ref.asmref has no target assembly definition
Begin MonoManager ReloadAssembly
[Licensing::Client] Successfully resolved entitlement details
[Licensing::Module] License group:
  Id: F4-RHZR-CMD6-PD46-HR52-XXXX
  Product: Unity Personal
  Type: ULF
  Expiration: Unlimited
[Licensing::Module] License group:
  Id: 6872308939192-UnityPersXXXX
  Product: Unity Personal
  Type: Assigned
  Expiration: Unlimited
- Loaded All Assemblies, in  0.876 seconds
Assembly reference Packages/com.unity.cinemachine/Editor/Samples/ExposeHDRPInternals/HDRP-Editor-ref.asmref has no target assembly definition
'Packages/com.unity.cinemachine/Editor/Obsolete/CinemachineVirtualCameraBaseEditor.cs' contains partial class of Unity.Object, exactly 1 of the partial classes needs to be in a file with the same filename. This is to know the one that can be referenced from ie. GameObjects
'Packages/com.unity.cinemachine/Editor/Editors/CinemachineVirtualCameraBaseEditor.cs' contains partial class of Unity.Object, exactly 1 of the partial classes needs to be in a file with the same filename. This is to know the one that can be referenced from ie. GameObjects
Refreshing native plugins compatible for Editor in 1.83 ms, found 4 plugins.
Native extension for WindowsStandalone target not found
Assembly reference Packages/com.unity.cinemachine/Editor/Samples/ExposeHDRPInternals/HDRP-Editor-ref.asmref has no target assembly definition
[Package Manager] Failed to launch server process. Reason: Unity was launched with the -noUpm command-line argument
[Package Manager] Unable to send message (not connected to server process).
[Package Manager] Cannot connect to Unity Package Manager local server
[Package Manager] Failed to launch server process. Reason: Unity was launched with the -noUpm command-line argument
[Package Manager] Unable to send message (not connected to server process).
[Package Manager] Cannot connect to Unity Package Manager local server
Mono: successfully reloaded assembly
- Finished resetting the current domain, in  1.215 seconds
Domain Reload Profiling: 2087ms
	BeginReloadAssembly (278ms)
		ExecutionOrderSort (0ms)
		DisableScriptedObjects (31ms)
		BackupInstance (0ms)
		ReleaseScriptingObjects (0ms)
		CreateAndSetChildDomain (81ms)
	RebuildCommonClasses (36ms)
	RebuildNativeTypeToScriptingClass (12ms)
	initialDomainReloadingComplete (35ms)
	LoadAllAssembliesAndSetupDomain (511ms)
		LoadAssemblies (400ms)
		RebuildTransferFunctionScriptingTraits (0ms)
		AnalyzeDomain (213ms)
			TypeCache.Refresh (22ms)
				TypeCache.ScanAssembly (12ms)
			BuildScriptInfoCaches (174ms)
			ResolveRequiredComponents (11ms)
	FinalizeReload (1216ms)
		ReleaseScriptCaches (0ms)
		RebuildScriptCaches (0ms)
		SetupLoadedEditorAssemblies (1061ms)
			LogAssemblyErrors (0ms)
			InitializePlatformSupportModulesInManaged (2ms)
			SetLoadedEditorAssemblies (5ms)
			BeforeProcessingInitializeOnLoad (151ms)
			ProcessInitializeOnLoadAttributes (821ms)
			ProcessInitializeOnLoadMethodAttributes (74ms)
			AfterProcessingInitializeOnLoad (9ms)
			EditorAssembliesLoaded (0ms)
		ExecutionOrderSort2 (0ms)
		AwakeInstancesAfterBackupRestoration (14ms)
Refreshing native plugins compatible for Editor in 1.96 ms, found 4 plugins.
Preloading 0 native plugins for Editor in 0.00 ms.
Unloading 15 Unused Serialized files (Serialized files now loaded: 0)
Unloading 7207 unused Assets / (4.6 MB). Loaded Objects now: 8047.
Memory consumption went from 154.0 MB to 149.4 MB.
Total: 25.544600 ms (FindLiveObjects: 0.820500 ms CreateObjectMapping: 0.975300 ms MarkObjects: 20.899600 ms  DeleteObjects: 2.848000 ms)

Prepare: number of updated asset objects reloaded= 0
========================================================================
Received Import Request.
  Time since last request: 516.643578 seconds.
  path: Assets/Scripts
  artifactKey: Guid(60c3fa73e2edafe47ac547724ca9b6b2) Importer(815301076,1909f56bfc062723c751e8b465ee728b)
Start importing Assets/Scripts using Guid(60c3fa73e2edafe47ac547724ca9b6b2) Importer(815301076,1909f56bfc062723c751e8b465ee728b) (PreviewImporter) -> (artifact id: 'ee1429b03679a876c2eebd2030475a73') in 0.0067025 seconds
Number of updated asset objects reloaded before import = 0Number of asset objects unloaded after import = 0

========================================================================
Received Import Request.
  Time since last request: 4.722382 seconds.
  path: Assets/DefaultVolumeProfile.asset
  artifactKey: Guid(3f9215ea0144899419cfbc0957140d3f) Importer(2089858483,192608db42251d675da83286b1cce702)
Start importing Assets/DefaultVolumeProfile.asset using Guid(3f9215ea0144899419cfbc0957140d3f) Importer(2089858483,192608db42251d675da83286b1cce702) (ScriptedImporter) -> (artifact id: '2fedf646d6b6eceed059a2066f6c2935') in 0.2254407 seconds
Number of updated asset objects reloaded before import = 0Number of asset objects unloaded after import = 0

========================================================================
Received Import Request.
  Time since last request: 0.000024 seconds.
  path: Assets/Art/TilePallette/TileSheet_80.asset
  artifactKey: Guid(534a6b1fa52265f4382b30e4add42a09) Importer(2089858483,192608db42251d675da83286b1cce702)
Start importing Assets/Art/TilePallette/TileSheet_80.asset using Guid(534a6b1fa52265f4382b30e4add42a09) Importer(2089858483,192608db42251d675da83286b1cce702) (ScriptedImporter) -> (artifact id: '9805ae6837e37c6e3989734537a2ae43') in 0.0562977 seconds
Number of updated asset objects reloaded before import = 0Number of asset objects unloaded after import = 2

========================================================================
Received Import Request.
  Time since last request: 0.000032 seconds.
  path: Assets/Settings/Renderer2D.asset
  artifactKey: Guid(424799608f7334c24bf367e4bbfa7f9a) Importer(2089858483,192608db42251d675da83286b1cce702)
Start importing Assets/Settings/Renderer2D.asset using Guid(424799608f7334c24bf367e4bbfa7f9a) Importer(2089858483,192608db42251d675da83286b1cce702) (ScriptedImporter) -> (artifact id: '00c7c5dddeea762b7fbdaec949106133') in 0.0423769 seconds
Number of updated asset objects reloaded before import = 0Number of asset objects unloaded after import = 1

========================================================================
Received Import Request.
  Time since last request: 0.000018 seconds.
  path: Assets/Art/TilePallette/TileSheet_84.asset
  artifactKey: Guid(c69410a1037d3e14693fcb9f8718a8e1) Importer(2089858483,192608db42251d675da83286b1cce702)
Start importing Assets/Art/TilePallette/TileSheet_84.asset using Guid(c69410a1037d3e14693fcb9f8718a8e1) Importer(2089858483,192608db42251d675da83286b1cce702) (ScriptedImporter) -> (artifact id: '8711eff551ee6e55db09ee3d1b24e663') in 0.013593 seconds
Number of updated asset objects reloaded before import = 0Number of asset objects unloaded after import = 2

========================================================================
Received Import Request.
  Time since last request: 0.000018 seconds.
  path: Assets/Scripts/FurniturePlacement.cs
  artifactKey: Guid(abd5d9d9df7c81d4a92e69531f51fa31) Importer(2089858483,192608db42251d675da83286b1cce702)
Start importing Assets/Scripts/FurniturePlacement.cs using Guid(abd5d9d9df7c81d4a92e69531f51fa31) Importer(2089858483,192608db42251d675da83286b1cce702) (ScriptedImporter) -> (artifact id: '9832d5d5f4b53049c826665505e34b8d') in 0.0191969 seconds
Number of updated asset objects reloaded before import = 0Number of asset objects unloaded after import = 0

========================================================================
Received Import Request.
  Time since last request: 0.000029 seconds.
  path: Assets/Art/TileSheet/upperwall.png
  artifactKey: Guid(ae544388a718fd242a43ac6a12e76297) Importer(2089858483,192608db42251d675da83286b1cce702)
Start importing Assets/Art/TileSheet/upperwall.png using Guid(ae544388a718fd242a43ac6a12e76297) Importer(2089858483,192608db42251d675da83286b1cce702) (ScriptedImporter) -> (artifact id: 'dbe22e372db143cdd1da58e0663564a1') in 0.0818304 seconds
Number of updated asset objects reloaded before import = 0Number of asset objects unloaded after import = 3

========================================================================
Received Import Request.
  Time since last request: 0.000039 seconds.
  path: Assets/TextMesh Pro/Shaders/TMP_SDF Overlay.shader
  artifactKey: Guid(dd89cf5b9246416f84610a006f916af7) Importer(2089858483,192608db42251d675da83286b1cce702)
Start importing Assets/TextMesh Pro/Shaders/TMP_SDF Overlay.shader using Guid(dd89cf5b9246416f84610a006f916af7) Importer(2089858483,192608db42251d675da83286b1cce702) (ScriptedImporter) -> (artifact id: 'ee6f3a9cc5281660c5ddd437ea2cd1ef') in 0.0269364 seconds
Number of updated asset objects reloaded before import = 0Number of asset objects unloaded after import = 1

========================================================================
Received Import Request.
  Time since last request: 0.000033 seconds.
  path: Assets/TextMesh Pro/Shaders/TMP_SDF-Mobile.shader
  artifactKey: Guid(fe393ace9b354375a9cb14cdbbc28be4) Importer(2089858483,192608db42251d675da83286b1cce702)
Start importing Assets/TextMesh Pro/Shaders/TMP_SDF-Mobile.shader using Guid(fe393ace9b354375a9cb14cdbbc28be4) Importer(2089858483,192608db42251d675da83286b1cce702) (ScriptedImporter) -> (artifact id: 'd0a228133f785d7cec2139e76bc97862') in 0.0177035 seconds
Number of updated asset objects reloaded before import = 0Number of asset objects unloaded after import = 1

========================================================================
Received Import Request.
  Time since last request: 0.000024 seconds.
  path: Assets/TextMesh Pro/Shaders/TMP_SDF SSD.shader
  artifactKey: Guid(14eb328de4b8eb245bb7cea29e4ac00b) Importer(2089858483,192608db42251d675da83286b1cce702)
Start importing Assets/TextMesh Pro/Shaders/TMP_SDF SSD.shader using Guid(14eb328de4b8eb245bb7cea29e4ac00b) Importer(2089858483,192608db42251d675da83286b1cce702) (ScriptedImporter) -> (artifact id: '709d642f60cbc24d2e5dc34ef2eeac6a') in 0.0159722 seconds
Number of updated asset objects reloaded before import = 0Number of asset objects unloaded after import = 1

========================================================================
Received Import Request.
  Time since last request: 0.000024 seconds.
  path: Assets/Art/TilePallette/TileSheet_55.asset
  artifactKey: Guid(d47ac28f3cc8b2e488587295b4c2aafe) Importer(2089858483,192608db42251d675da83286b1cce702)
Start importing Assets/Art/TilePallette/TileSheet_55.asset using Guid(d47ac28f3cc8b2e488587295b4c2aafe) Importer(2089858483,192608db42251d675da83286b1cce702) (ScriptedImporter) -> (artifact id: '64177ddde9e22e3e1600b7c278b48fcc') in 0.023199 seconds
Number of updated asset objects reloaded before import = 0Number of asset objects unloaded after import = 2

========================================================================
Received Import Request.
  Time since last request: 0.000036 seconds.
  path: Assets/TextMesh Pro/Shaders/TMP_SDF-Mobile SSD.shader
  artifactKey: Guid(c8d12adcee749c344b8117cf7c7eb912) Importer(2089858483,192608db42251d675da83286b1cce702)
Start importing Assets/TextMesh Pro/Shaders/TMP_SDF-Mobile SSD.shader using Guid(c8d12adcee749c344b8117cf7c7eb912) Importer(2089858483,192608db42251d675da83286b1cce702) (ScriptedImporter) -> (artifact id: '37d0d267e4ceb25c2510480a849b43fb') in 0.0182122 seconds
Number of updated asset objects reloaded before import = 0Number of asset objects unloaded after import = 1

========================================================================
Received Import Request.
  Time since last request: 0.000017 seconds.
  path: Assets/Art/TilePallette/TileSheet_76.asset
  artifactKey: Guid(359f6690ef6a9ff418192317fa9ed47d) Importer(2089858483,192608db42251d675da83286b1cce702)
Start importing Assets/Art/TilePallette/TileSheet_76.asset using Guid(359f6690ef6a9ff418192317fa9ed47d) Importer(2089858483,192608db42251d675da83286b1cce702) (ScriptedImporter) -> (artifact id: '4e48423485d9fe76281f330910c42424') in 0.0155653 seconds
Number of updated asset objects reloaded before import = 0Number of asset objects unloaded after import = 2

========================================================================
Received Import Request.
  Time since last request: 0.000021 seconds.
  path: Assets/Scripts/SO/BigDungeon.asset
  artifactKey: Guid(48f119f5491fc774aa166506a6a1c288) Importer(2089858483,192608db42251d675da83286b1cce702)
Start importing Assets/Scripts/SO/BigDungeon.asset using Guid(48f119f5491fc774aa166506a6a1c288) Importer(2089858483,192608db42251d675da83286b1cce702) (ScriptedImporter) -> (artifact id: '492ebb4996b8749ab0e657006c1aac1d') in 0.0164989 seconds
Number of updated asset objects reloaded before import = 0Number of asset objects unloaded after import = 1

========================================================================
Received Import Request.
  Time since last request: 0.000017 seconds.
  path: Assets/Settings/UniversalRP.asset
  artifactKey: Guid(681886c5eb7344803b6206f758bf0b1c) Importer(2089858483,192608db42251d675da83286b1cce702)
Start importing Assets/Settings/UniversalRP.asset using Guid(681886c5eb7344803b6206f758bf0b1c) Importer(2089858483,192608db42251d675da83286b1cce702) (ScriptedImporter) -> (artifact id: '1e78d40ec361cd33ed3ab31d1b1d84e3') in 0.0519919 seconds
Number of updated asset objects reloaded before import = 0Number of asset objects unloaded after import = 1

========================================================================
Received Import Request.
  Time since last request: 0.000021 seconds.
  path: Assets/Scripts/ProceduralGeneration.cs
  artifactKey: Guid(29e1a3c05ca6fe543b89c07e6371fc38) Importer(2089858483,192608db42251d675da83286b1cce702)
Start importing Assets/Scripts/ProceduralGeneration.cs using Guid(29e1a3c05ca6fe543b89c07e6371fc38) Importer(2089858483,192608db42251d675da83286b1cce702) (ScriptedImporter) -> (artifact id: '10eb527fd75c1a0102e20ebf2675503b') in 0.0152551 seconds
Number of updated asset objects reloaded before import = 0Number of asset objects unloaded after import = 0

========================================================================
Received Import Request.
  Time since last request: 0.000040 seconds.
  path: Assets/Art/TilePallette/BiomeTiles/Gemini_Generated_Image_62b3pr62b3pr62b3_100.asset
  artifactKey: Guid(9260d86ce39626646820c8b28ce7b82c) Importer(2089858483,192608db42251d675da83286b1cce702)
Start importing Assets/Art/TilePallette/BiomeTiles/Gemini_Generated_Image_62b3pr62b3pr62b3_100.asset using Guid(9260d86ce39626646820c8b28ce7b82c) Importer(2089858483,192608db42251d675da83286b1cce702) (ScriptedImporter) -> (artifact id: 'e06bf9aec735a098c0664f30bded44de') in 0.0163895 seconds
Number of updated asset objects reloaded before import = 0Number of asset objects unloaded after import = 2

========================================================================
Received Import Request.
  Time since last request: 0.000021 seconds.
  path: Assets/Art/TilePallette/TileSheet_65.asset
  artifactKey: Guid(4b6e8c39c9c44cf42b13e4eef46d7d0c) Importer(2089858483,192608db42251d675da83286b1cce702)
Start importing Assets/Art/TilePallette/TileSheet_65.asset using Guid(4b6e8c39c9c44cf42b13e4eef46d7d0c) Importer(2089858483,192608db42251d675da83286b1cce702) (ScriptedImporter) -> (artifact id: '91b06a5465baea0419e92be81c5c1e51') in 0.0180672 seconds
Number of updated asset objects reloaded before import = 0Number of asset objects unloaded after import = 2

========================================================================
Received Import Request.
  Time since last request: 0.000021 seconds.
  path: Assets/Art/TilePallette/TileSheet_50.asset
  artifactKey: Guid(ad1053b411520804597ac0ed4edc97b9) Importer(2089858483,192608db42251d675da83286b1cce702)
Start importing Assets/Art/TilePallette/TileSheet_50.asset using Guid(ad1053b411520804597ac0ed4edc97b9) Importer(2089858483,192608db42251d675da83286b1cce702) (ScriptedImporter) -> (artifact id: 'b88e2d6d2c1d0bb3bdee14c921e9b063') in 0.0173184 seconds
Number of updated asset objects reloaded before import = 0Number of asset objects unloaded after import = 2

========================================================================
Received Import Request.
  Time since last request: 0.000027 seconds.
  path: Assets/Art/TilePallette/TileSheet_60.asset
  artifactKey: Guid(7aec65066f980cf4b8ee595bdbe2d8ba) Importer(2089858483,192608db42251d675da83286b1cce702)
Start importing Assets/Art/TilePallette/TileSheet_60.asset using Guid(7aec65066f980cf4b8ee595bdbe2d8ba) Importer(2089858483,192608db42251d675da83286b1cce702) (ScriptedImporter) -> (artifact id: 'f1e47c033b69718c2d28a7db4adf057a') in 0.0157438 seconds
Number of updated asset objects reloaded before import = 0Number of asset objects unloaded after import = 2

========================================================================
Received Import Request.
  Time since last request: 0.000043 seconds.
  path: Assets/Scripts/TileMapSpawner.cs
  artifactKey: Guid(90a184be52e03f345a694826cd5b01a8) Importer(2089858483,192608db42251d675da83286b1cce702)
Start importing Assets/Scripts/TileMapSpawner.cs using Guid(90a184be52e03f345a694826cd5b01a8) Importer(2089858483,192608db42251d675da83286b1cce702) (ScriptedImporter) -> (artifact id: 'ee7e2a4def3c96d8ea74bb9ff8a52bc4') in 0.0150826 seconds
Number of updated asset objects reloaded before import = 0Number of asset objects unloaded after import = 0

========================================================================
Received Import Request.
  Time since last request: 0.000021 seconds.
  path: Assets/Art/TilePallette/BiomeTiles/Gemini_Generated_Image_62b3pr62b3pr62b3_101.asset
  artifactKey: Guid(771c611a293ed3542a20784f5caadb5c) Importer(2089858483,192608db42251d675da83286b1cce702)
Start importing Assets/Art/TilePallette/BiomeTiles/Gemini_Generated_Image_62b3pr62b3pr62b3_101.asset using Guid(771c611a293ed3542a20784f5caadb5c) Importer(2089858483,192608db42251d675da83286b1cce702) (ScriptedImporter) -> (artifact id: '46c568da0083f31719f06c2f33a5e2f3') in 0.0187401 seconds
Number of updated asset objects reloaded before import = 0Number of asset objects unloaded after import = 2

========================================================================
Received Import Request.
  Time since last request: 0.000020 seconds.
  path: Assets/Art/TilePallette/TileSheet_53.asset
  artifactKey: Guid(872d1f863c2c4d04b8f43b4bc7829928) Importer(2089858483,192608db42251d675da83286b1cce702)
Start importing Assets/Art/TilePallette/TileSheet_53.asset using Guid(872d1f863c2c4d04b8f43b4bc7829928) Importer(2089858483,192608db42251d675da83286b1cce702) (ScriptedImporter) -> (artifact id: '875f1275b472d2c6efb12ab2f15a8c30') in 0.0151676 seconds
Number of updated asset objects reloaded before import = 0Number of asset objects unloaded after import = 2

========================================================================
Received Import Request.
  Time since last request: 0.000021 seconds.
  path: Assets/TextMesh Pro/Shaders/TMP_SDF-URP Lit.shadergraph
  artifactKey: Guid(a3d800b099a06e0478fb790c5e79057a) Importer(2089858483,192608db42251d675da83286b1cce702)
Start importing Assets/TextMesh Pro/Shaders/TMP_SDF-URP Lit.shadergraph using Guid(a3d800b099a06e0478fb790c5e79057a) Importer(2089858483,192608db42251d675da83286b1cce702) (ScriptedImporter) -> (artifact id: '9a5b6415e7b1aeea12078ccefe0debd5') in 0.2776191 seconds
Number of updated asset objects reloaded before import = 0Number of asset objects unloaded after import = 4

========================================================================
Received Import Request.
  Time since last request: 0.000033 seconds.
  path: Assets/Art/TilePallette/BiomeTiles/Gemini_Generated_Image_62b3pr62b3pr62b3_121.asset
  artifactKey: Guid(a7d4d4b98b86245499b7f63672668b3a) Importer(2089858483,192608db42251d675da83286b1cce702)
Start importing Assets/Art/TilePallette/BiomeTiles/Gemini_Generated_Image_62b3pr62b3pr62b3_121.asset using Guid(a7d4d4b98b86245499b7f63672668b3a) Importer(2089858483,192608db42251d675da83286b1cce702) (ScriptedImporter) -> (artifact id: '4d8204710ee3d4f65ce153937115f6d1') in 0.0150977 seconds
Number of updated asset objects reloaded before import = 0Number of asset objects unloaded after import = 2

========================================================================
Received Import Request.
  Time since last request: 0.000019 seconds.
  path: Assets/Art/TilePallette/TileSheet_110.asset
  artifactKey: Guid(f1c3af29f7ae7074f91597dc09336841) Importer(2089858483,192608db42251d675da83286b1cce702)
Start importing Assets/Art/TilePallette/TileSheet_110.asset using Guid(f1c3af29f7ae7074f91597dc09336841) Importer(2089858483,192608db42251d675da83286b1cce702) (ScriptedImporter) -> (artifact id: 'a2102a93e3c9028d06567381a472202d') in 0.0158126 seconds
Number of updated asset objects reloaded before import = 0Number of asset objects unloaded after import = 2

========================================================================
Received Import Request.
  Time since last request: 0.000019 seconds.
  path: Assets/Settings/Scenes/URP2DSceneTemplate.unity
  artifactKey: Guid(2cda990e2423bbf4892e6590ba056729) Importer(2089858483,192608db42251d675da83286b1cce702)
Start importing Assets/Settings/Scenes/URP2DSceneTemplate.unity using Guid(2cda990e2423bbf4892e6590ba056729) Importer(2089858483,192608db42251d675da83286b1cce702) (ScriptedImporter) -> (artifact id: 'ee501c85e39243be1f2432daf8fc0431') in 0.0120745 seconds
Number of updated asset objects reloaded before import = 0Number of asset objects unloaded after import = 1

========================================================================
Received Import Request.
  Time since last request: 0.000020 seconds.
  path: Assets/Art/TilePallette/BiomeTiles/Gemini_Generated_Image_62b3pr62b3pr62b3_122.asset
  artifactKey: Guid(975f49a076a302848b015f105b838f9e) Importer(2089858483,192608db42251d675da83286b1cce702)
Start importing Assets/Art/TilePallette/BiomeTiles/Gemini_Generated_Image_62b3pr62b3pr62b3_122.asset using Guid(975f49a076a302848b015f105b838f9e) Importer(2089858483,192608db42251d675da83286b1cce702) (ScriptedImporter) -> (artifact id: '7a76232b6b75f982270bb3d83978a358') in 0.0162215 seconds
Number of updated asset objects reloaded before import = 0Number of asset objects unloaded after import = 2

========================================================================
Received Import Request.
  Time since last request: 0.000024 seconds.
  path: Assets/Art/TilePallette/TileSheet_85.asset
  artifactKey: Guid(87c23552870ba3b4e8861260518d71ac) Importer(2089858483,192608db42251d675da83286b1cce702)
Start importing Assets/Art/TilePallette/TileSheet_85.asset using Guid(87c23552870ba3b4e8861260518d71ac) Importer(2089858483,192608db42251d675da83286b1cce702) (ScriptedImporter) -> (artifact id: 'fe6b95311bbec5b370078a937c26a0fa') in 0.0148468 seconds
Number of updated asset objects reloaded before import = 0Number of asset objects unloaded after import = 2

========================================================================
Received Import Request.
  Time since last request: 0.000031 seconds.
  path: Assets/Art/TilePallette/BiomeTiles/Gemini_Generated_Image_62b3pr62b3pr62b3_12.asset
  artifactKey: Guid(e797e37f92a0e894195dfb69594d2512) Importer(2089858483,192608db42251d675da83286b1cce702)
Start importing Assets/Art/TilePallette/BiomeTiles/Gemini_Generated_Image_62b3pr62b3pr62b3_12.asset using Guid(e797e37f92a0e894195dfb69594d2512) Importer(2089858483,192608db42251d675da83286b1cce702) (ScriptedImporter) -> (artifact id: 'b9aab44e3ec65748e718f7293867833c') in 0.0461609 seconds
Number of updated asset objects reloaded before import = 0Number of asset objects unloaded after import = 2

========================================================================
Received Import Request.
  Time since last request: 0.000022 seconds.
  path: Assets/Art/TilePallette/BiomeTiles/Gemini_Generated_Image_62b3pr62b3pr62b3_131.asset
  artifactKey: Guid(ca15555453cef74438196945087f2bb0) Importer(2089858483,192608db42251d675da83286b1cce702)
Start importing Assets/Art/TilePallette/BiomeTiles/Gemini_Generated_Image_62b3pr62b3pr62b3_131.asset using Guid(ca15555453cef74438196945087f2bb0) Importer(2089858483,192608db42251d675da83286b1cce702) (ScriptedImporter) -> (artifact id: 'c1065ca64c531e9759d388eec7b9f562') in 0.0152611 seconds
Number of updated asset objects reloaded before import = 0Number of asset objects unloaded after import = 2

========================================================================
Received Import Request.
  Time since last request: 0.000019 seconds.
  path: Assets/Art/TilePallette/BiomeTiles/Gemini_Generated_Image_62b3pr62b3pr62b3_125.asset
  artifactKey: Guid(5cb504850fb40a446be3959d20fde5d0) Importer(2089858483,192608db42251d675da83286b1cce702)
Start importing Assets/Art/TilePallette/BiomeTiles/Gemini_Generated_Image_62b3pr62b3pr62b3_125.asset using Guid(5cb504850fb40a446be3959d20fde5d0) Importer(2089858483,192608db42251d675da83286b1cce702) (ScriptedImporter) -> (artifact id: '9bb325d12376d7c4ebfb1ae3fe68d8d9') in 0.0155797 seconds
Number of updated asset objects reloaded before import = 0Number of asset objects unloaded after import = 2

========================================================================
Received Import Request.
  Time since last request: 0.000036 seconds.
  path: Assets/Art/TilePallette/BiomeTiles/Gemini_Generated_Image_62b3pr62b3pr62b3_137.asset
  artifactKey: Guid(6a6b16ed7f8d7e344a5a5040d870de44) Importer(2089858483,192608db42251d675da83286b1cce702)
Start importing Assets/Art/TilePallette/BiomeTiles/Gemini_Generated_Image_62b3pr62b3pr62b3_137.asset using Guid(6a6b16ed7f8d7e344a5a5040d870de44) Importer(2089858483,192608db42251d675da83286b1cce702) (ScriptedImporter) -> (artifact id: '231cf7aac4f9e009bf9e322e4277dd15') in 0.0204268 seconds
Number of updated asset objects reloaded before import = 0Number of asset objects unloaded after import = 2

========================================================================
Received Import Request.
  Time since last request: 0.000034 seconds.
  path: Assets/Art/TilePallette/TileSheet_69.asset
  artifactKey: Guid(011a68f1fdbfe8d49bbf78a1a0a399b8) Importer(2089858483,192608db42251d675da83286b1cce702)
Start importing Assets/Art/TilePallette/TileSheet_69.asset using Guid(011a68f1fdbfe8d49bbf78a1a0a399b8) Importer(2089858483,192608db42251d675da83286b1cce702) (ScriptedImporter) -> (artifact id: 'dea02d48a2fd036b2f4dd09aa9fbc219') in 0.0176722 seconds
Number of updated asset objects reloaded before import = 0Number of asset objects unloaded after import = 2

========================================================================
Received Import Request.
  Time since last request: 0.000024 seconds.
  path: Assets/Art/TilePallette/TileSheet_61.asset
  artifactKey: Guid(a105ae15550933041b059ae1a0d0a8b1) Importer(2089858483,192608db42251d675da83286b1cce702)
Start importing Assets/Art/TilePallette/TileSheet_61.asset using Guid(a105ae15550933041b059ae1a0d0a8b1) Importer(2089858483,192608db42251d675da83286b1cce702) (ScriptedImporter) -> (artifact id: 'd3c3da285de98cf02dd1c459535ee225') in 0.0151616 seconds
Number of updated asset objects reloaded before import = 0Number of asset objects unloaded after import = 2

========================================================================
Received Import Request.
  Time since last request: 0.000021 seconds.
  path: Assets/Scripts/SO/SmallDungeon.asset
  artifactKey: Guid(8a3fd35ce499b8140ae7c0c0f0abb22d) Importer(2089858483,192608db42251d675da83286b1cce702)
Start importing Assets/Scripts/SO/SmallDungeon.asset using Guid(8a3fd35ce499b8140ae7c0c0f0abb22d) Importer(2089858483,192608db42251d675da83286b1cce702) (ScriptedImporter) -> (artifact id: '79ef8be860d8cd2dc1673c69155c0467') in 0.0151494 seconds
Number of updated asset objects reloaded before import = 0Number of asset objects unloaded after import = 1

========================================================================
Received Import Request.
  Time since last request: 0.000032 seconds.
  path: Assets/TextMesh Pro/Fonts/LiberationSans - OFL.txt
  artifactKey: Guid(6e59c59b81ab47f9b6ec5781fa725d2c) Importer(2089858483,192608db42251d675da83286b1cce702)
Start importing Assets/TextMesh Pro/Fonts/LiberationSans - OFL.txt using Guid(6e59c59b81ab47f9b6ec5781fa725d2c) Importer(2089858483,192608db42251d675da83286b1cce702) (ScriptedImporter) -> (artifact id: 'f48ec6336029dec17d3f8408751ce837') in 0.0197342 seconds
Number of updated asset objects reloaded before import = 0Number of asset objects unloaded after import = 1

========================================================================
Received Import Request.
  Time since last request: 0.000040 seconds.
  path: Assets/Scripts/RoomType.cs
  artifactKey: Guid(3c85bafc3433d9e4e913690797e1b2b6) Importer(2089858483,192608db42251d675da83286b1cce702)
Start importing Assets/Scripts/RoomType.cs using Guid(3c85bafc3433d9e4e913690797e1b2b6) Importer(2089858483,192608db42251d675da83286b1cce702) (ScriptedImporter) -> (artifact id: 'ec7d4add32a73bf5e90f73d83652076e') in 0.013438 seconds
Number of updated asset objects reloaded before import = 0Number of asset objects unloaded after import = 0

========================================================================
Received Prepare
'Packages/com.unity.cinemachine/Editor/Obsolete/CinemachineVirtualCameraBaseEditor.cs' contains partial class of Unity.Object, exactly 1 of the partial classes needs to be in a file with the same filename. This is to know the one that can be referenced from ie. GameObjects
'Packages/com.unity.cinemachine/Editor/Editors/CinemachineVirtualCameraBaseEditor.cs' contains partial class of Unity.Object, exactly 1 of the partial classes needs to be in a file with the same filename. This is to know the one that can be referenced from ie. GameObjects
Refreshing native plugins compatible for Editor in 2.46 ms, found 4 plugins.
Preloading 0 native plugins for Editor in 0.00 ms.
Unloading 16 Unused Serialized files (Serialized files now loaded: 0)
Unloading 7199 unused Assets / (5.0 MB). Loaded Objects now: 8049.
Memory consumption went from 155.3 MB to 150.3 MB.
Total: 36.266900 ms (FindLiveObjects: 1.283500 ms CreateObjectMapping: 1.312400 ms MarkObjects: 27.755600 ms  DeleteObjects: 5.913500 ms)

Prepare: number of updated asset objects reloaded= 0
========================================================================
Received Import Request.
  Time since last request: 0.592856 seconds.
  path: Assets/Art/TilePallette/BiomeTiles/Gemini_Generated_Image_62b3pr62b3pr62b3_141.asset
  artifactKey: Guid(a92f176d36ebb04488dfeceeeb645f47) Importer(2089858483,192608db42251d675da83286b1cce702)
Start importing Assets/Art/TilePallette/BiomeTiles/Gemini_Generated_Image_62b3pr62b3pr62b3_141.asset using Guid(a92f176d36ebb04488dfeceeeb645f47) Importer(2089858483,192608db42251d675da83286b1cce702) (ScriptedImporter) -> (artifact id: '39c84c1d5eb9c2ff63ce23306f799f1c') in 0.0255915 seconds
Number of updated asset objects reloaded before import = 0Number of asset objects unloaded after import = 2

========================================================================
Received Import Request.
  Time since last request: 0.000021 seconds.
  path: Assets/Art/TilePallette/BiomeTiles/Gemini_Generated_Image_62b3pr62b3pr62b3_14.asset
  artifactKey: Guid(e0376b9d5b48ab94e8abc36362390e04) Importer(2089858483,192608db42251d675da83286b1cce702)
Start importing Assets/Art/TilePallette/BiomeTiles/Gemini_Generated_Image_62b3pr62b3pr62b3_14.asset using Guid(e0376b9d5b48ab94e8abc36362390e04) Importer(2089858483,192608db42251d675da83286b1cce702) (ScriptedImporter) -> (artifact id: '64911b5e4e082cea5473638d227e3ae1') in 0.0178346 seconds
Number of updated asset objects reloaded before import = 0Number of asset objects unloaded after import = 2

========================================================================
Received Import Request.
  Time since last request: 0.000027 seconds.
  path: Assets/Art/TilePallette/BiomeTiles/Gemini_Generated_Image_62b3pr62b3pr62b3_152.asset
  artifactKey: Guid(686a2020eb5fc8b45891576c6116083a) Importer(2089858483,192608db42251d675da83286b1cce702)
Start importing Assets/Art/TilePallette/BiomeTiles/Gemini_Generated_Image_62b3pr62b3pr62b3_152.asset using Guid(686a2020eb5fc8b45891576c6116083a) Importer(2089858483,192608db42251d675da83286b1cce702) (ScriptedImporter) -> (artifact id: '8cd205071afcbf5dee6350d536615339') in 0.0168505 seconds
Number of updated asset objects reloaded before import = 0Number of asset objects unloaded after import = 2

========================================================================
Received Import Request.
  Time since last request: 0.000023 seconds.
  path: Assets/Art/TilePallette/BiomeTiles/Gemini_Generated_Image_62b3pr62b3pr62b3_147.asset
  artifactKey: Guid(385b3a8d9c5e91d4aa18d9a8b1d79169) Importer(2089858483,192608db42251d675da83286b1cce702)
Start importing Assets/Art/TilePallette/BiomeTiles/Gemini_Generated_Image_62b3pr62b3pr62b3_147.asset using Guid(385b3a8d9c5e91d4aa18d9a8b1d79169) Importer(2089858483,192608db42251d675da83286b1cce702) (ScriptedImporter) -> (artifact id: '903d103a398da2d29cc7442e5a545fed') in 0.016874 seconds
Number of updated asset objects reloaded before import = 0Number of asset objects unloaded after import = 2

========================================================================
Received Import Request.
  Time since last request: 0.000034 seconds.
  path: Assets/Art/TilePallette/BiomeTiles/Gemini_Generated_Image_62b3pr62b3pr62b3_144.asset
  artifactKey: Guid(8375895c01f61ad4583efb2e073db577) Importer(2089858483,192608db42251d675da83286b1cce702)
Start importing Assets/Art/TilePallette/BiomeTiles/Gemini_Generated_Image_62b3pr62b3pr62b3_144.asset using Guid(8375895c01f61ad4583efb2e073db577) Importer(2089858483,192608db42251d675da83286b1cce702) (ScriptedImporter) -> (artifact id: '28ef6bb3cf3fbf4da6d740a671f68317') in 0.0174046 seconds
Number of updated asset objects reloaded before import = 0Number of asset objects unloaded after import = 2

========================================================================
Received Import Request.
  Time since last request: 0.000021 seconds.
  path: Assets/Art/TilePallette/BiomeTiles/Gemini_Generated_Image_62b3pr62b3pr62b3_143.asset
  artifactKey: Guid(60d5104074096b8449e0247548b661d3) Importer(2089858483,192608db42251d675da83286b1cce702)
Start importing Assets/Art/TilePallette/BiomeTiles/Gemini_Generated_Image_62b3pr62b3pr62b3_143.asset using Guid(60d5104074096b8449e0247548b661d3) Importer(2089858483,192608db42251d675da83286b1cce702) (ScriptedImporter) -> (artifact id: '9b88e3b25faafd7c32c7abcf39c23042') in 0.0170333 seconds
Number of updated asset objects reloaded before import = 0Number of asset objects unloaded after import = 2

========================================================================
Received Import Request.
  Time since last request: 0.000021 seconds.
  path: Assets/Art/TilePallette/BiomeTiles/Gemini_Generated_Image_62b3pr62b3pr62b3_150.asset
  artifactKey: Guid(af27a33d06278774393e8a4414c5fd26) Importer(2089858483,192608db42251d675da83286b1cce702)
Start importing Assets/Art/TilePallette/BiomeTiles/Gemini_Generated_Image_62b3pr62b3pr62b3_150.asset using Guid(af27a33d06278774393e8a4414c5fd26) Importer(2089858483,192608db42251d675da83286b1cce702) (ScriptedImporter) -> (artifact id: '214729e9efbd62b2babf7bc0037675bc') in 0.0188088 seconds
Number of updated asset objects reloaded before import = 0Number of asset objects unloaded after import = 2

========================================================================
Received Import Request.
  Time since last request: 0.000032 seconds.
  path: Assets/Art/TilePallette/BiomeTiles/Gemini_Generated_Image_62b3pr62b3pr62b3_15.asset
  artifactKey: Guid(461f7f547ec92e04d8717a25e87ac67b) Importer(2089858483,192608db42251d675da83286b1cce702)
Start importing Assets/Art/TilePallette/BiomeTiles/Gemini_Generated_Image_62b3pr62b3pr62b3_15.asset using Guid(461f7f547ec92e04d8717a25e87ac67b) Importer(2089858483,192608db42251d675da83286b1cce702) (ScriptedImporter) -> (artifact id: '7f7107b3b9e07c2f1c15c95de4b2ab78') in 0.0202129 seconds
Number of updated asset objects reloaded before import = 0Number of asset objects unloaded after import = 2

========================================================================
Received Import Request.
  Time since last request: 0.000041 seconds.
  path: Assets/Art/TilePallette/BiomeTiles/Gemini_Generated_Image_62b3pr62b3pr62b3_160.asset
  artifactKey: Guid(419a272371294a94580d3f0b6a401067) Importer(2089858483,192608db42251d675da83286b1cce702)
Start importing Assets/Art/TilePallette/BiomeTiles/Gemini_Generated_Image_62b3pr62b3pr62b3_160.asset using Guid(419a272371294a94580d3f0b6a401067) Importer(2089858483,192608db42251d675da83286b1cce702) (ScriptedImporter) -> (artifact id: '9b213bc257c1920d85b92cf125d9bf39') in 0.0198083 seconds
Number of updated asset objects reloaded before import = 0Number of asset objects unloaded after import = 2

========================================================================
Received Import Request.
  Time since last request: 0.000020 seconds.
  path: Assets/Art/TilePallette/BiomeTiles/Gemini_Generated_Image_62b3pr62b3pr62b3_166.asset
  artifactKey: Guid(548bd26607562594a9d49f929745aaac) Importer(2089858483,192608db42251d675da83286b1cce702)
Start importing Assets/Art/TilePallette/BiomeTiles/Gemini_Generated_Image_62b3pr62b3pr62b3_166.asset using Guid(548bd26607562594a9d49f929745aaac) Importer(2089858483,192608db42251d675da83286b1cce702) (ScriptedImporter) -> (artifact id: '86d130cb6cd7b3cbcaaff194c1340810') in 0.0147167 seconds
Number of updated asset objects reloaded before import = 0Number of asset objects unloaded after import = 2

========================================================================
Received Import Request.
  Time since last request: 0.000020 seconds.
  path: Assets/Art/TilePallette/BiomeTiles/Gemini_Generated_Image_62b3pr62b3pr62b3_159.asset
  artifactKey: Guid(30c50db20be46f044a7476952c9595da) Importer(2089858483,192608db42251d675da83286b1cce702)
Start importing Assets/Art/TilePallette/BiomeTiles/Gemini_Generated_Image_62b3pr62b3pr62b3_159.asset using Guid(30c50db20be46f044a7476952c9595da) Importer(2089858483,192608db42251d675da83286b1cce702) (ScriptedImporter) -> (artifact id: '5af088b7ccf47175f4b14af2454fa16c') in 0.0150106 seconds
Number of updated asset objects reloaded before import = 0Number of asset objects unloaded after import = 2

========================================================================
Received Import Request.
  Time since last request: 0.000028 seconds.
  path: Assets/Art/TilePallette/BiomeTiles/Gemini_Generated_Image_62b3pr62b3pr62b3_162.asset
  artifactKey: Guid(dc3df96d3f1fcd346918769a7a199b9a) Importer(2089858483,192608db42251d675da83286b1cce702)
Start importing Assets/Art/TilePallette/BiomeTiles/Gemini_Generated_Image_62b3pr62b3pr62b3_162.asset using Guid(dc3df96d3f1fcd346918769a7a199b9a) Importer(2089858483,192608db42251d675da83286b1cce702) (ScriptedImporter) -> (artifact id: 'e7dc156dcb19a6d2d72269920e53a11d') in 0.0172117 seconds
Number of updated asset objects reloaded before import = 0Number of asset objects unloaded after import = 2

========================================================================
Received Import Request.
  Time since last request: 0.000036 seconds.
  path: Assets/Art/TilePallette/BiomeTiles/Gemini_Generated_Image_62b3pr62b3pr62b3_151.asset
  artifactKey: Guid(28bbbdc213795ea468aad4e8fde8e212) Importer(2089858483,192608db42251d675da83286b1cce702)
Start importing Assets/Art/TilePallette/BiomeTiles/Gemini_Generated_Image_62b3pr62b3pr62b3_151.asset using Guid(28bbbdc213795ea468aad4e8fde8e212) Importer(2089858483,192608db42251d675da83286b1cce702) (ScriptedImporter) -> (artifact id: '3e8d073d1e7f12318aa65d8481a555ec') in 0.0182967 seconds
Number of updated asset objects reloaded before import = 0Number of asset objects unloaded after import = 2

========================================================================
Received Import Request.
  Time since last request: 0.000020 seconds.
  path: Assets/Art/TilePallette/BiomeTiles/Gemini_Generated_Image_62b3pr62b3pr62b3_158.asset
  artifactKey: Guid(b8e93c65c4e2a4d47a1e576cb0b59cc9) Importer(2089858483,192608db42251d675da83286b1cce702)
Start importing Assets/Art/TilePallette/BiomeTiles/Gemini_Generated_Image_62b3pr62b3pr62b3_158.asset using Guid(b8e93c65c4e2a4d47a1e576cb0b59cc9) Importer(2089858483,192608db42251d675da83286b1cce702) (ScriptedImporter) -> (artifact id: 'ebb51e370a090079513275a9d0f68664') in 0.0195793 seconds
Number of updated asset objects reloaded before import = 0Number of asset objects unloaded after import = 2

========================================================================
Received Import Request.
  Time since last request: 0.000022 seconds.
  path: Assets/Art/TilePallette/BiomeTiles/Gemini_Generated_Image_62b3pr62b3pr62b3_145.asset
  artifactKey: Guid(530495335d0e61249a6c8554498b6186) Importer(2089858483,192608db42251d675da83286b1cce702)
Start importing Assets/Art/TilePallette/BiomeTiles/Gemini_Generated_Image_62b3pr62b3pr62b3_145.asset using Guid(530495335d0e61249a6c8554498b6186) Importer(2089858483,192608db42251d675da83286b1cce702) (ScriptedImporter) -> (artifact id: 'b2b6a4769e9a0d6ef4ad803d17107a65') in 0.0158617 seconds
Number of updated asset objects reloaded before import = 0Number of asset objects unloaded after import = 2

========================================================================
Received Import Request.
  Time since last request: 0.000024 seconds.
  path: Assets/Art/TilePallette/BiomeTiles/Gemini_Generated_Image_62b3pr62b3pr62b3_154.asset
  artifactKey: Guid(b0f85ec93e6efe242ac8c0e71571831e) Importer(2089858483,192608db42251d675da83286b1cce702)
Start importing Assets/Art/TilePallette/BiomeTiles/Gemini_Generated_Image_62b3pr62b3pr62b3_154.asset using Guid(b0f85ec93e6efe242ac8c0e71571831e) Importer(2089858483,192608db42251d675da83286b1cce702) (ScriptedImporter) -> (artifact id: 'dfa5a47db794b6b9a642e1fbc489d073') in 0.0163409 seconds
Number of updated asset objects reloaded before import = 0Number of asset objects unloaded after import = 2

========================================================================
Received Prepare
Assembly reference Packages/com.unity.cinemachine/Editor/Samples/ExposeHDRPInternals/HDRP-Editor-ref.asmref has no target assembly definition
Assembly reference Packages/com.unity.cinemachine/Editor/Samples/ExposeHDRPInternals/HDRP-Editor-ref.asmref has no target assembly definition
Begin MonoManager ReloadAssembly
[Licensing::Client] Successfully resolved entitlement details
[Licensing::Module] License group:
  Id: F4-RHZR-CMD6-PD46-HR52-XXXX
  Product: Unity Personal
  Type: ULF
  Expiration: Unlimited
[Licensing::Module] License group:
  Id: 6872308939192-UnityPersXXXX
  Product: Unity Personal
  Type: Assigned
  Expiration: Unlimited
- Loaded All Assemblies, in  1.475 seconds
Assembly reference Packages/com.unity.cinemachine/Editor/Samples/ExposeHDRPInternals/HDRP-Editor-ref.asmref has no target assembly definition
'Packages/com.unity.cinemachine/Editor/Obsolete/CinemachineVirtualCameraBaseEditor.cs' contains partial class of Unity.Object, exactly 1 of the partial classes needs to be in a file with the same filename. This is to know the one that can be referenced from ie. GameObjects
'Packages/com.unity.cinemachine/Editor/Editors/CinemachineVirtualCameraBaseEditor.cs' contains partial class of Unity.Object, exactly 1 of the partial classes needs to be in a file with the same filename. This is to know the one that can be referenced from ie. GameObjects
Refreshing native plugins compatible for Editor in 2.96 ms, found 4 plugins.
Native extension for WindowsStandalone target not found
Assembly reference Packages/com.unity.cinemachine/Editor/Samples/ExposeHDRPInternals/HDRP-Editor-ref.asmref has no target assembly definition
[Package Manager] Failed to launch server process. Reason: Unity was launched with the -noUpm command-line argument
[Package Manager] Unable to send message (not connected to server process).
[Package Manager] Cannot connect to Unity Package Manager local server
[Package Manager] Failed to launch server process. Reason: Unity was launched with the -noUpm command-line argument
[Package Manager] Unable to send message (not connected to server process).
[Package Manager] Cannot connect to Unity Package Manager local server
Mono: successfully reloaded assembly
- Finished resetting the current domain, in  2.052 seconds
Domain Reload Profiling: 3524ms
	BeginReloadAssembly (394ms)
		ExecutionOrderSort (0ms)
		DisableScriptedObjects (22ms)
		BackupInstance (0ms)
		ReleaseScriptingObjects (0ms)
		CreateAndSetChildDomain (126ms)
	RebuildCommonClasses (53ms)
	RebuildNativeTypeToScriptingClass (19ms)
	initialDomainReloadingComplete (56ms)
	LoadAllAssembliesAndSetupDomain (949ms)
		LoadAssemblies (729ms)
		RebuildTransferFunctionScriptingTraits (0ms)
		AnalyzeDomain (378ms)
			TypeCache.Refresh (24ms)
				TypeCache.ScanAssembly (1ms)
			BuildScriptInfoCaches (325ms)
			ResolveRequiredComponents (19ms)
	FinalizeReload (2053ms)
		ReleaseScriptCaches (0ms)
		RebuildScriptCaches (0ms)
		SetupLoadedEditorAssemblies (1799ms)
			LogAssemblyErrors (0ms)
			InitializePlatformSupportModulesInManaged (2ms)
			SetLoadedEditorAssemblies (9ms)
			BeforeProcessingInitializeOnLoad (261ms)
			ProcessInitializeOnLoadAttributes (1383ms)
			ProcessInitializeOnLoadMethodAttributes (126ms)
			AfterProcessingInitializeOnLoad (17ms)
			EditorAssembliesLoaded (1ms)
		ExecutionOrderSort2 (0ms)
		AwakeInstancesAfterBackupRestoration (23ms)
Refreshing native plugins compatible for Editor in 8.54 ms, found 4 plugins.
Preloading 0 native plugins for Editor in 0.00 ms.
Unloading 15 Unused Serialized files (Serialized files now loaded: 0)
Unloading 7208 unused Assets / (5.3 MB). Loaded Objects now: 8052.
Memory consumption went from 154.6 MB to 149.3 MB.
Total: 91.710000 ms (FindLiveObjects: 1.835700 ms CreateObjectMapping: 2.292900 ms MarkObjects: 80.837800 ms  DeleteObjects: 6.741400 ms)

Prepare: number of updated asset objects reloaded= 0
========================================================================
Received Import Request.
  Time since last request: 11.809111 seconds.
  path: Assets/Scripts/PlayerMovement.cs
  artifactKey: Guid(8545053624fa6154e898d2f2d4ce849a) Importer(815301076,1909f56bfc062723c751e8b465ee728b)
Start importing Assets/Scripts/PlayerMovement.cs using Guid(8545053624fa6154e898d2f2d4ce849a) Importer(815301076,1909f56bfc062723c751e8b465ee728b) (PreviewImporter) -> (artifact id: '00000000000000000000000000000000') in 0.0183791 seconds
Import Error Code:(4)
Message: Build asset version error: assets/scripts/playermovement.cs in SourceAssetDB has modification time of '2026-04-30T08:17:48.3142006Z' while content on disk has modification time of '2026-04-30T08:17:58.0249598Z'
  ERROR: Build asset version error: assets/scripts/playermovement.cs in SourceAssetDB has modification time of '2026-04-30T08:17:48.3142006Z' while content on disk has modification time of '2026-04-30T08:17:58.0249598Z'
Number of updated asset objects reloaded before import = 0Number of asset objects unloaded after import = 0

========================================================================
Received Import Request.
  Time since last request: 0.000028 seconds.
  path: Assets/Scripts/PlayerMovement.cs
  artifactKey: Guid(8545053624fa6154e898d2f2d4ce849a) Importer(815301076,1909f56bfc062723c751e8b465ee728b)
Start importing Assets/Scripts/PlayerMovement.cs using Guid(8545053624fa6154e898d2f2d4ce849a) Importer(815301076,1909f56bfc062723c751e8b465ee728b) (PreviewImporter) -> (artifact id: '00000000000000000000000000000000') in 0.001054 seconds
Import Error Code:(4)
Message: Build asset version error: assets/scripts/playermovement.cs in SourceAssetDB has modification time of '2026-04-30T08:17:48.3142006Z' while content on disk has modification time of '2026-04-30T08:17:58.0249598Z'
  ERROR: Build asset version error: assets/scripts/playermovement.cs in SourceAssetDB has modification time of '2026-04-30T08:17:48.3142006Z' while content on disk has modification time of '2026-04-30T08:17:58.0249598Z'
Number of updated asset objects reloaded before import = 0Number of asset objects unloaded after import = 0

========================================================================
Received Import Request.
  Time since last request: 0.000020 seconds.
  path: Assets/Scripts/PlayerMovement.cs
  artifactKey: Guid(8545053624fa6154e898d2f2d4ce849a) Importer(815301076,1909f56bfc062723c751e8b465ee728b)
Start importing Assets/Scripts/PlayerMovement.cs using Guid(8545053624fa6154e898d2f2d4ce849a) Importer(815301076,1909f56bfc062723c751e8b465ee728b) (PreviewImporter) -> (artifact id: '00000000000000000000000000000000') in 0.0006643 seconds
Import Error Code:(4)
Message: Build asset version error: assets/scripts/playermovement.cs in SourceAssetDB has modification time of '2026-04-30T08:17:48.3142006Z' while content on disk has modification time of '2026-04-30T08:17:58.0249598Z'
  ERROR: Build asset version error: assets/scripts/playermovement.cs in SourceAssetDB has modification time of '2026-04-30T08:17:48.3142006Z' while content on disk has modification time of '2026-04-30T08:17:58.0249598Z'
Number of updated asset objects reloaded before import = 0Number of asset objects unloaded after import = 0

========================================================================
Received Import Request.
  Time since last request: 0.000033 seconds.
  path: Assets/Scripts/PlayerMovement.cs
  artifactKey: Guid(8545053624fa6154e898d2f2d4ce849a) Importer(815301076,1909f56bfc062723c751e8b465ee728b)
Start importing Assets/Scripts/PlayerMovement.cs using Guid(8545053624fa6154e898d2f2d4ce849a) Importer(815301076,1909f56bfc062723c751e8b465ee728b) (PreviewImporter) -> (artifact id: '00000000000000000000000000000000') in 0.0005745 seconds
Import Error Code:(4)
Message: Build asset version error: assets/scripts/playermovement.cs in SourceAssetDB has modification time of '2026-04-30T08:17:48.3142006Z' while content on disk has modification time of '2026-04-30T08:17:58.0249598Z'
  ERROR: Build asset version error: assets/scripts/playermovement.cs in SourceAssetDB has modification time of '2026-04-30T08:17:48.3142006Z' while content on disk has modification time of '2026-04-30T08:17:58.0249598Z'
Number of updated asset objects reloaded before import = 0Number of asset objects unloaded after import = 0

========================================================================
Received Import Request.
  Time since last request: 0.000020 seconds.
  path: Assets/Scripts/PlayerMovement.cs
  artifactKey: Guid(8545053624fa6154e898d2f2d4ce849a) Importer(815301076,1909f56bfc062723c751e8b465ee728b)
Start importing Assets/Scripts/PlayerMovement.cs using Guid(8545053624fa6154e898d2f2d4ce849a) Importer(815301076,1909f56bfc062723c751e8b465ee728b) (PreviewImporter) -> (artifact id: '00000000000000000000000000000000') in 0.0006997 seconds
Import Error Code:(4)
Message: Build asset version error: assets/scripts/playermovement.cs in SourceAssetDB has modification time of '2026-04-30T08:17:48.3142006Z' while content on disk has modification time of '2026-04-30T08:17:58.0249598Z'
  ERROR: Build asset version error: assets/scripts/playermovement.cs in SourceAssetDB has modification time of '2026-04-30T08:17:48.3142006Z' while content on disk has modification time of '2026-04-30T08:17:58.0249598Z'
Number of updated asset objects reloaded before import = 0Number of asset objects unloaded after import = 0

========================================================================
Received Import Request.
  Time since last request: 0.000023 seconds.
  path: Assets/Scripts/PlayerMovement.cs
  artifactKey: Guid(8545053624fa6154e898d2f2d4ce849a) Importer(815301076,1909f56bfc062723c751e8b465ee728b)
Start importing Assets/Scripts/PlayerMovement.cs using Guid(8545053624fa6154e898d2f2d4ce849a) Importer(815301076,1909f56bfc062723c751e8b465ee728b) (PreviewImporter) -> (artifact id: '00000000000000000000000000000000') in 0.0007073 seconds
Import Error Code:(4)
Message: Build asset version error: assets/scripts/playermovement.cs in SourceAssetDB has modification time of '2026-04-30T08:17:48.3142006Z' while content on disk has modification time of '2026-04-30T08:17:58.0249598Z'
  ERROR: Build asset version error: assets/scripts/playermovement.cs in SourceAssetDB has modification time of '2026-04-30T08:17:48.3142006Z' while content on disk has modification time of '2026-04-30T08:17:58.0249598Z'
Number of updated asset objects reloaded before import = 0Number of asset objects unloaded after import = 0

========================================================================
Received Import Request.
  Time since last request: 0.000024 seconds.
  path: Assets/Scripts/PlayerMovement.cs
  artifactKey: Guid(8545053624fa6154e898d2f2d4ce849a) Importer(815301076,1909f56bfc062723c751e8b465ee728b)
Start importing Assets/Scripts/PlayerMovement.cs using Guid(8545053624fa6154e898d2f2d4ce849a) Importer(815301076,1909f56bfc062723c751e8b465ee728b) (PreviewImporter) -> (artifact id: '00000000000000000000000000000000') in 0.0007444 seconds
Import Error Code:(4)
Message: Build asset version error: assets/scripts/playermovement.cs in SourceAssetDB has modification time of '2026-04-30T08:17:48.3142006Z' while content on disk has modification time of '2026-04-30T08:17:58.0249598Z'
  ERROR: Build asset version error: assets/scripts/playermovement.cs in SourceAssetDB has modification time of '2026-04-30T08:17:48.3142006Z' while content on disk has modification time of '2026-04-30T08:17:58.0249598Z'
Number of updated asset objects reloaded before import = 0Number of asset objects unloaded after import = 0

========================================================================
Received Import Request.
  Time since last request: 0.000020 seconds.
  path: Assets/Scripts/PlayerMovement.cs
  artifactKey: Guid(8545053624fa6154e898d2f2d4ce849a) Importer(815301076,1909f56bfc062723c751e8b465ee728b)
Start importing Assets/Scripts/PlayerMovement.cs using Guid(8545053624fa6154e898d2f2d4ce849a) Importer(815301076,1909f56bfc062723c751e8b465ee728b) (PreviewImporter) -> (artifact id: '00000000000000000000000000000000') in 0.0005308 seconds
Import Error Code:(4)
Message: Build asset version error: assets/scripts/playermovement.cs in SourceAssetDB has modification time of '2026-04-30T08:17:48.3142006Z' while content on disk has modification time of '2026-04-30T08:17:58.0249598Z'
  ERROR: Build asset version error: assets/scripts/playermovement.cs in SourceAssetDB has modification time of '2026-04-30T08:17:48.3142006Z' while content on disk has modification time of '2026-04-30T08:17:58.0249598Z'
Number of updated asset objects reloaded before import = 0Number of asset objects unloaded after import = 0

========================================================================
Received Import Request.
  Time since last request: 0.000029 seconds.
  path: Assets/Scripts/PlayerMovement.cs
  artifactKey: Guid(8545053624fa6154e898d2f2d4ce849a) Importer(815301076,1909f56bfc062723c751e8b465ee728b)
Start importing Assets/Scripts/PlayerMovement.cs using Guid(8545053624fa6154e898d2f2d4ce849a) Importer(815301076,1909f56bfc062723c751e8b465ee728b) (PreviewImporter) -> (artifact id: '00000000000000000000000000000000') in 0.0006774 seconds
Import Error Code:(4)
Message: Build asset version error: assets/scripts/playermovement.cs in SourceAssetDB has modification time of '2026-04-30T08:17:48.3142006Z' while content on disk has modification time of '2026-04-30T08:17:58.0249598Z'
  ERROR: Build asset version error: assets/scripts/playermovement.cs in SourceAssetDB has modification time of '2026-04-30T08:17:48.3142006Z' while content on disk has modification time of '2026-04-30T08:17:58.0249598Z'
Number of updated asset objects reloaded before import = 0Number of asset objects unloaded after import = 0

========================================================================
Received Import Request.
  Time since last request: 0.000021 seconds.
  path: Assets/Scripts/PlayerMovement.cs
  artifactKey: Guid(8545053624fa6154e898d2f2d4ce849a) Importer(815301076,1909f56bfc062723c751e8b465ee728b)
Start importing Assets/Scripts/PlayerMovement.cs using Guid(8545053624fa6154e898d2f2d4ce849a) Importer(815301076,1909f56bfc062723c751e8b465ee728b) (PreviewImporter) -> (artifact id: '00000000000000000000000000000000') in 0.0006858 seconds
Import Error Code:(4)
Message: Build asset version error: assets/scripts/playermovement.cs in SourceAssetDB has modification time of '2026-04-30T08:17:48.3142006Z' while content on disk has modification time of '2026-04-30T08:17:58.0249598Z'
  ERROR: Build asset version error: assets/scripts/playermovement.cs in SourceAssetDB has modification time of '2026-04-30T08:17:48.3142006Z' while content on disk has modification time of '2026-04-30T08:17:58.0249598Z'
Number of updated asset objects reloaded before import = 0Number of asset objects unloaded after import = 0

========================================================================
Received Import Request.
  Time since last request: 0.000019 seconds.
  path: Assets/Scripts/PlayerMovement.cs
  artifactKey: Guid(8545053624fa6154e898d2f2d4ce849a) Importer(815301076,1909f56bfc062723c751e8b465ee728b)
Start importing Assets/Scripts/PlayerMovement.cs using Guid(8545053624fa6154e898d2f2d4ce849a) Importer(815301076,1909f56bfc062723c751e8b465ee728b) (PreviewImporter) -> (artifact id: '00000000000000000000000000000000') in 0.0006474 seconds
Import Error Code:(4)
Message: Build asset version error: assets/scripts/playermovement.cs in SourceAssetDB has modification time of '2026-04-30T08:17:48.3142006Z' while content on disk has modification time of '2026-04-30T08:17:58.0249598Z'
  ERROR: Build asset version error: assets/scripts/playermovement.cs in SourceAssetDB has modification time of '2026-04-30T08:17:48.3142006Z' while content on disk has modification time of '2026-04-30T08:17:58.0249598Z'
Number of updated asset objects reloaded before import = 0Number of asset objects unloaded after import = 0

========================================================================
Received Import Request.
  Time since last request: 0.000020 seconds.
  path: Assets/Scripts/PlayerMovement.cs
  artifactKey: Guid(8545053624fa6154e898d2f2d4ce849a) Importer(815301076,1909f56bfc062723c751e8b465ee728b)
Start importing Assets/Scripts/PlayerMovement.cs using Guid(8545053624fa6154e898d2f2d4ce849a) Importer(815301076,1909f56bfc062723c751e8b465ee728b) (PreviewImporter) -> (artifact id: '00000000000000000000000000000000') in 0.0005414 seconds
Import Error Code:(4)
Message: Build asset version error: assets/scripts/playermovement.cs in SourceAssetDB has modification time of '2026-04-30T08:17:48.3142006Z' while content on disk has modification time of '2026-04-30T08:17:58.0249598Z'
  ERROR: Build asset version error: assets/scripts/playermovement.cs in SourceAssetDB has modification time of '2026-04-30T08:17:48.3142006Z' while content on disk has modification time of '2026-04-30T08:17:58.0249598Z'
Number of updated asset objects reloaded before import = 0Number of asset objects unloaded after import = 0

========================================================================
Received Import Request.
  Time since last request: 0.000020 seconds.
  path: Assets/Scripts/PlayerMovement.cs
  artifactKey: Guid(8545053624fa6154e898d2f2d4ce849a) Importer(815301076,1909f56bfc062723c751e8b465ee728b)
Start importing Assets/Scripts/PlayerMovement.cs using Guid(8545053624fa6154e898d2f2d4ce849a) Importer(815301076,1909f56bfc062723c751e8b465ee728b) (PreviewImporter) -> (artifact id: '00000000000000000000000000000000') in 0.0005521 seconds
Import Error Code:(4)
Message: Build asset version error: assets/scripts/playermovement.cs in SourceAssetDB has modification time of '2026-04-30T08:17:48.3142006Z' while content on disk has modification time of '2026-04-30T08:17:58.0249598Z'
  ERROR: Build asset version error: assets/scripts/playermovement.cs in SourceAssetDB has modification time of '2026-04-30T08:17:48.3142006Z' while content on disk has modification time of '2026-04-30T08:17:58.0249598Z'
Number of updated asset objects reloaded before import = 0Number of asset objects unloaded after import = 0

========================================================================
Received Import Request.
  Time since last request: 0.000036 seconds.
  path: Assets/Scripts/PlayerMovement.cs
  artifactKey: Guid(8545053624fa6154e898d2f2d4ce849a) Importer(815301076,1909f56bfc062723c751e8b465ee728b)
Start importing Assets/Scripts/PlayerMovement.cs using Guid(8545053624fa6154e898d2f2d4ce849a) Importer(815301076,1909f56bfc062723c751e8b465ee728b) (PreviewImporter) -> (artifact id: '00000000000000000000000000000000') in 0.0006402 seconds
Import Error Code:(4)
Message: Build asset version error: assets/scripts/playermovement.cs in SourceAssetDB has modification time of '2026-04-30T08:17:48.3142006Z' while content on disk has modification time of '2026-04-30T08:17:58.0249598Z'
  ERROR: Build asset version error: assets/scripts/playermovement.cs in SourceAssetDB has modification time of '2026-04-30T08:17:48.3142006Z' while content on disk has modification time of '2026-04-30T08:17:58.0249598Z'
Number of updated asset objects reloaded before import = 0Number of asset objects unloaded after import = 0

========================================================================
Received Import Request.
  Time since last request: 0.000022 seconds.
  path: Assets/Scripts/PlayerMovement.cs
  artifactKey: Guid(8545053624fa6154e898d2f2d4ce849a) Importer(815301076,1909f56bfc062723c751e8b465ee728b)
Start importing Assets/Scripts/PlayerMovement.cs using Guid(8545053624fa6154e898d2f2d4ce849a) Importer(815301076,1909f56bfc062723c751e8b465ee728b) (PreviewImporter) -> (artifact id: '00000000000000000000000000000000') in 0.0007111 seconds
Import Error Code:(4)
Message: Build asset version error: assets/scripts/playermovement.cs in SourceAssetDB has modification time of '2026-04-30T08:17:48.3142006Z' while content on disk has modification time of '2026-04-30T08:17:58.0249598Z'
  ERROR: Build asset version error: assets/scripts/playermovement.cs in SourceAssetDB has modification time of '2026-04-30T08:17:48.3142006Z' while content on disk has modification time of '2026-04-30T08:17:58.0249598Z'
Number of updated asset objects reloaded before import = 0Number of asset objects unloaded after import = 0

========================================================================
Received Import Request.
  Time since last request: 0.000021 seconds.
  path: Assets/Scripts/PlayerMovement.cs
  artifactKey: Guid(8545053624fa6154e898d2f2d4ce849a) Importer(815301076,1909f56bfc062723c751e8b465ee728b)
Start importing Assets/Scripts/PlayerMovement.cs using Guid(8545053624fa6154e898d2f2d4ce849a) Importer(815301076,1909f56bfc062723c751e8b465ee728b) (PreviewImporter) -> (artifact id: '00000000000000000000000000000000') in 0.0006967 seconds
Import Error Code:(4)
Message: Build asset version error: assets/scripts/playermovement.cs in SourceAssetDB has modification time of '2026-04-30T08:17:48.3142006Z' while content on disk has modification time of '2026-04-30T08:17:58.0249598Z'
  ERROR: Build asset version error: assets/scripts/playermovement.cs in SourceAssetDB has modification time of '2026-04-30T08:17:48.3142006Z' while content on disk has modification time of '2026-04-30T08:17:58.0249598Z'
Number of updated asset objects reloaded before import = 0Number of asset objects unloaded after import = 0

========================================================================
Received Import Request.
  Time since last request: 0.000023 seconds.
  path: Assets/Scripts/PlayerMovement.cs
  artifactKey: Guid(8545053624fa6154e898d2f2d4ce849a) Importer(815301076,1909f56bfc062723c751e8b465ee728b)
Start importing Assets/Scripts/PlayerMovement.cs using Guid(8545053624fa6154e898d2f2d4ce849a) Importer(815301076,1909f56bfc062723c751e8b465ee728b) (PreviewImporter) -> (artifact id: '00000000000000000000000000000000') in 0.0005665 seconds
Import Error Code:(4)
Message: Build asset version error: assets/scripts/playermovement.cs in SourceAssetDB has modification time of '2026-04-30T08:17:48.3142006Z' while content on disk has modification time of '2026-04-30T08:17:58.0249598Z'
  ERROR: Build asset version error: assets/scripts/playermovement.cs in SourceAssetDB has modification time of '2026-04-30T08:17:48.3142006Z' while content on disk has modification time of '2026-04-30T08:17:58.0249598Z'
Number of updated asset objects reloaded before import = 0Number of asset objects unloaded after import = 0

========================================================================
Received Import Request.
  Time since last request: 0.000022 seconds.
  path: Assets/Scripts/PlayerMovement.cs
  artifactKey: Guid(8545053624fa6154e898d2f2d4ce849a) Importer(815301076,1909f56bfc062723c751e8b465ee728b)
Start importing Assets/Scripts/PlayerMovement.cs using Guid(8545053624fa6154e898d2f2d4ce849a) Importer(815301076,1909f56bfc062723c751e8b465ee728b) (PreviewImporter) -> (artifact id: '00000000000000000000000000000000') in 0.0005737 seconds
Import Error Code:(4)
Message: Build asset version error: assets/scripts/playermovement.cs in SourceAssetDB has modification time of '2026-04-30T08:17:48.3142006Z' while content on disk has modification time of '2026-04-30T08:17:58.0249598Z'
  ERROR: Build asset version error: assets/scripts/playermovement.cs in SourceAssetDB has modification time of '2026-04-30T08:17:48.3142006Z' while content on disk has modification time of '2026-04-30T08:17:58.0249598Z'
Number of updated asset objects reloaded before import = 0Number of asset objects unloaded after import = 0

========================================================================
Received Import Request.
  Time since last request: 0.000037 seconds.
  path: Assets/Scripts/PlayerMovement.cs
  artifactKey: Guid(8545053624fa6154e898d2f2d4ce849a) Importer(815301076,1909f56bfc062723c751e8b465ee728b)
Start importing Assets/Scripts/PlayerMovement.cs using Guid(8545053624fa6154e898d2f2d4ce849a) Importer(815301076,1909f56bfc062723c751e8b465ee728b) (PreviewImporter) -> (artifact id: '00000000000000000000000000000000') in 0.0007492 seconds
Import Error Code:(4)
Message: Build asset version error: assets/scripts/playermovement.cs in SourceAssetDB has modification time of '2026-04-30T08:17:48.3142006Z' while content on disk has modification time of '2026-04-30T08:17:58.0249598Z'
  ERROR: Build asset version error: assets/scripts/playermovement.cs in SourceAssetDB has modification time of '2026-04-30T08:17:48.3142006Z' while content on disk has modification time of '2026-04-30T08:17:58.0249598Z'
Number of updated asset objects reloaded before import = 0Number of asset objects unloaded after import = 0

========================================================================
Received Import Request.
  Time since last request: 0.000022 seconds.
  path: Assets/Scripts/PlayerMovement.cs
  artifactKey: Guid(8545053624fa6154e898d2f2d4ce849a) Importer(815301076,1909f56bfc062723c751e8b465ee728b)
Start importing Assets/Scripts/PlayerMovement.cs using Guid(8545053624fa6154e898d2f2d4ce849a) Importer(815301076,1909f56bfc062723c751e8b465ee728b) (PreviewImporter) -> (artifact id: '00000000000000000000000000000000') in 0.0005952 seconds
Import Error Code:(4)
Message: Build asset version error: assets/scripts/playermovement.cs in SourceAssetDB has modification time of '2026-04-30T08:17:48.3142006Z' while content on disk has modification time of '2026-04-30T08:17:58.0249598Z'
  ERROR: Build asset version error: assets/scripts/playermovement.cs in SourceAssetDB has modification time of '2026-04-30T08:17:48.3142006Z' while content on disk has modification time of '2026-04-30T08:17:58.0249598Z'
Number of updated asset objects reloaded before import = 0Number of asset objects unloaded after import = 0

========================================================================
Received Import Request.
  Time since last request: 0.000019 seconds.
  path: Assets/Scripts/PlayerMovement.cs
  artifactKey: Guid(8545053624fa6154e898d2f2d4ce849a) Importer(815301076,1909f56bfc062723c751e8b465ee728b)
Start importing Assets/Scripts/PlayerMovement.cs using Guid(8545053624fa6154e898d2f2d4ce849a) Importer(815301076,1909f56bfc062723c751e8b465ee728b) (PreviewImporter) -> (artifact id: '00000000000000000000000000000000') in 0.0005787 seconds
Import Error Code:(4)
Message: Build asset version error: assets/scripts/playermovement.cs in SourceAssetDB has modification time of '2026-04-30T08:17:48.3142006Z' while content on disk has modification time of '2026-04-30T08:17:58.0249598Z'
  ERROR: Build asset version error: assets/scripts/playermovement.cs in SourceAssetDB has modification time of '2026-04-30T08:17:48.3142006Z' while content on disk has modification time of '2026-04-30T08:17:58.0249598Z'
Number of updated asset objects reloaded before import = 0Number of asset objects unloaded after import = 0

========================================================================
Received Import Request.
  Time since last request: 0.000021 seconds.
  path: Assets/Scripts/PlayerMovement.cs
  artifactKey: Guid(8545053624fa6154e898d2f2d4ce849a) Importer(815301076,1909f56bfc062723c751e8b465ee728b)
Start importing Assets/Scripts/PlayerMovement.cs using Guid(8545053624fa6154e898d2f2d4ce849a) Importer(815301076,1909f56bfc062723c751e8b465ee728b) (PreviewImporter) -> (artifact id: '00000000000000000000000000000000') in 0.0006823 seconds
Import Error Code:(4)
Message: Build asset version error: assets/scripts/playermovement.cs in SourceAssetDB has modification time of '2026-04-30T08:17:48.3142006Z' while content on disk has modification time of '2026-04-30T08:17:58.0249598Z'
  ERROR: Build asset version error: assets/scripts/playermovement.cs in SourceAssetDB has modification time of '2026-04-30T08:17:48.3142006Z' while content on disk has modification time of '2026-04-30T08:17:58.0249598Z'
Number of updated asset objects reloaded before import = 0Number of asset objects unloaded after import = 0

========================================================================
Received Import Request.
  Time since last request: 0.000024 seconds.
  path: Assets/Scripts/PlayerMovement.cs
  artifactKey: Guid(8545053624fa6154e898d2f2d4ce849a) Importer(815301076,1909f56bfc062723c751e8b465ee728b)
Start importing Assets/Scripts/PlayerMovement.cs using Guid(8545053624fa6154e898d2f2d4ce849a) Importer(815301076,1909f56bfc062723c751e8b465ee728b) (PreviewImporter) -> (artifact id: '00000000000000000000000000000000') in 0.0007119 seconds
Import Error Code:(4)
Message: Build asset version error: assets/scripts/playermovement.cs in SourceAssetDB has modification time of '2026-04-30T08:17:48.3142006Z' while content on disk has modification time of '2026-04-30T08:17:58.0249598Z'
  ERROR: Build asset version error: assets/scripts/playermovement.cs in SourceAssetDB has modification time of '2026-04-30T08:17:48.3142006Z' while content on disk has modification time of '2026-04-30T08:17:58.0249598Z'
Number of updated asset objects reloaded before import = 0Number of asset objects unloaded after import = 0

========================================================================
Received Import Request.
  Time since last request: 0.000032 seconds.
  path: Assets/Scripts/PlayerMovement.cs
  artifactKey: Guid(8545053624fa6154e898d2f2d4ce849a) Importer(815301076,1909f56bfc062723c751e8b465ee728b)
Start importing Assets/Scripts/PlayerMovement.cs using Guid(8545053624fa6154e898d2f2d4ce849a) Importer(815301076,1909f56bfc062723c751e8b465ee728b) (PreviewImporter) -> (artifact id: '00000000000000000000000000000000') in 0.0007421 seconds
Import Error Code:(4)
Message: Build asset version error: assets/scripts/playermovement.cs in SourceAssetDB has modification time of '2026-04-30T08:17:48.3142006Z' while content on disk has modification time of '2026-04-30T08:17:58.0249598Z'
  ERROR: Build asset version error: assets/scripts/playermovement.cs in SourceAssetDB has modification time of '2026-04-30T08:17:48.3142006Z' while content on disk has modification time of '2026-04-30T08:17:58.0249598Z'
Number of updated asset objects reloaded before import = 0Number of asset objects unloaded after import = 0

========================================================================
Received Import Request.
  Time since last request: 0.000018 seconds.
  path: Assets/Scripts/PlayerMovement.cs
  artifactKey: Guid(8545053624fa6154e898d2f2d4ce849a) Importer(815301076,1909f56bfc062723c751e8b465ee728b)
Start importing Assets/Scripts/PlayerMovement.cs using Guid(8545053624fa6154e898d2f2d4ce849a) Importer(815301076,1909f56bfc062723c751e8b465ee728b) (PreviewImporter) -> (artifact id: '00000000000000000000000000000000') in 0.0006741 seconds
Import Error Code:(4)
Message: Build asset version error: assets/scripts/playermovement.cs in SourceAssetDB has modification time of '2026-04-30T08:17:48.3142006Z' while content on disk has modification time of '2026-04-30T08:17:58.0249598Z'
  ERROR: Build asset version error: assets/scripts/playermovement.cs in SourceAssetDB has modification time of '2026-04-30T08:17:48.3142006Z' while content on disk has modification time of '2026-04-30T08:17:58.0249598Z'
Number of updated asset objects reloaded before import = 0Number of asset objects unloaded after import = 0

========================================================================
Received Import Request.
  Time since last request: 0.000021 seconds.
  path: Assets/Scripts/PlayerMovement.cs
  artifactKey: Guid(8545053624fa6154e898d2f2d4ce849a) Importer(815301076,1909f56bfc062723c751e8b465ee728b)
Start importing Assets/Scripts/PlayerMovement.cs using Guid(8545053624fa6154e898d2f2d4ce849a) Importer(815301076,1909f56bfc062723c751e8b465ee728b) (PreviewImporter) -> (artifact id: '00000000000000000000000000000000') in 0.0006615 seconds
Import Error Code:(4)
Message: Build asset version error: assets/scripts/playermovement.cs in SourceAssetDB has modification time of '2026-04-30T08:17:48.3142006Z' while content on disk has modification time of '2026-04-30T08:17:58.0249598Z'
  ERROR: Build asset version error: assets/scripts/playermovement.cs in SourceAssetDB has modification time of '2026-04-30T08:17:48.3142006Z' while content on disk has modification time of '2026-04-30T08:17:58.0249598Z'
Number of updated asset objects reloaded before import = 0Number of asset objects unloaded after import = 0

========================================================================
Received Import Request.
  Time since last request: 0.000024 seconds.
  path: Assets/Scripts/PlayerMovement.cs
  artifactKey: Guid(8545053624fa6154e898d2f2d4ce849a) Importer(815301076,1909f56bfc062723c751e8b465ee728b)
Start importing Assets/Scripts/PlayerMovement.cs using Guid(8545053624fa6154e898d2f2d4ce849a) Importer(815301076,1909f56bfc062723c751e8b465ee728b) (PreviewImporter) -> (artifact id: '00000000000000000000000000000000') in 0.0006045 seconds
Import Error Code:(4)
Message: Build asset version error: assets/scripts/playermovement.cs in SourceAssetDB has modification time of '2026-04-30T08:17:48.3142006Z' while content on disk has modification time of '2026-04-30T08:17:58.0249598Z'
  ERROR: Build asset version error: assets/scripts/playermovement.cs in SourceAssetDB has modification time of '2026-04-30T08:17:48.3142006Z' while content on disk has modification time of '2026-04-30T08:17:58.0249598Z'
Number of updated asset objects reloaded before import = 0Number of asset objects unloaded after import = 0

========================================================================
Received Import Request.
  Time since last request: 0.000023 seconds.
  path: Assets/Scripts/PlayerMovement.cs
  artifactKey: Guid(8545053624fa6154e898d2f2d4ce849a) Importer(815301076,1909f56bfc062723c751e8b465ee728b)
Start importing Assets/Scripts/PlayerMovement.cs using Guid(8545053624fa6154e898d2f2d4ce849a) Importer(815301076,1909f56bfc062723c751e8b465ee728b) (PreviewImporter) -> (artifact id: '00000000000000000000000000000000') in 0.0005968 seconds
Import Error Code:(4)
Message: Build asset version error: assets/scripts/playermovement.cs in SourceAssetDB has modification time of '2026-04-30T08:17:48.3142006Z' while content on disk has modification time of '2026-04-30T08:17:58.0249598Z'
  ERROR: Build asset version error: assets/scripts/playermovement.cs in SourceAssetDB has modification time of '2026-04-30T08:17:48.3142006Z' while content on disk has modification time of '2026-04-30T08:17:58.0249598Z'
Number of updated asset objects reloaded before import = 0Number of asset objects unloaded after import = 0

========================================================================
Received Import Request.
  Time since last request: 0.000028 seconds.
  path: Assets/Scripts/PlayerMovement.cs
  artifactKey: Guid(8545053624fa6154e898d2f2d4ce849a) Importer(815301076,1909f56bfc062723c751e8b465ee728b)
Start importing Assets/Scripts/PlayerMovement.cs using Guid(8545053624fa6154e898d2f2d4ce849a) Importer(815301076,1909f56bfc062723c751e8b465ee728b) (PreviewImporter) -> (artifact id: '00000000000000000000000000000000') in 0.0006397 seconds
Import Error Code:(4)
Message: Build asset version error: assets/scripts/playermovement.cs in SourceAssetDB has modification time of '2026-04-30T08:17:48.3142006Z' while content on disk has modification time of '2026-04-30T08:17:58.0249598Z'
  ERROR: Build asset version error: assets/scripts/playermovement.cs in SourceAssetDB has modification time of '2026-04-30T08:17:48.3142006Z' while content on disk has modification time of '2026-04-30T08:17:58.0249598Z'
Number of updated asset objects reloaded before import = 0Number of asset objects unloaded after import = 0

========================================================================
Received Import Request.
  Time since last request: 0.000021 seconds.
  path: Assets/Scripts/PlayerMovement.cs
  artifactKey: Guid(8545053624fa6154e898d2f2d4ce849a) Importer(815301076,1909f56bfc062723c751e8b465ee728b)
Start importing Assets/Scripts/PlayerMovement.cs using Guid(8545053624fa6154e898d2f2d4ce849a) Importer(815301076,1909f56bfc062723c751e8b465ee728b) (PreviewImporter) -> (artifact id: '00000000000000000000000000000000') in 0.0006312 seconds
Import Error Code:(4)
Message: Build asset version error: assets/scripts/playermovement.cs in SourceAssetDB has modification time of '2026-04-30T08:17:48.3142006Z' while content on disk has modification time of '2026-04-30T08:17:58.0249598Z'
  ERROR: Build asset version error: assets/scripts/playermovement.cs in SourceAssetDB has modification time of '2026-04-30T08:17:48.3142006Z' while content on disk has modification time of '2026-04-30T08:17:58.0249598Z'
Number of updated asset objects reloaded before import = 0Number of asset objects unloaded after import = 0

========================================================================
Received Import Request.
  Time since last request: 0.000021 seconds.
  path: Assets/Scripts/PlayerMovement.cs
  artifactKey: Guid(8545053624fa6154e898d2f2d4ce849a) Importer(815301076,1909f56bfc062723c751e8b465ee728b)
Start importing Assets/Scripts/PlayerMovement.cs using Guid(8545053624fa6154e898d2f2d4ce849a) Importer(815301076,1909f56bfc062723c751e8b465ee728b) (PreviewImporter) -> (artifact id: '00000000000000000000000000000000') in 0.0005773 seconds
Import Error Code:(4)
Message: Build asset version error: assets/scripts/playermovement.cs in SourceAssetDB has modification time of '2026-04-30T08:17:48.3142006Z' while content on disk has modification time of '2026-04-30T08:17:58.0249598Z'
  ERROR: Build asset version error: assets/scripts/playermovement.cs in SourceAssetDB has modification time of '2026-04-30T08:17:48.3142006Z' while content on disk has modification time of '2026-04-30T08:17:58.0249598Z'
Number of updated asset objects reloaded before import = 0Number of asset objects unloaded after import = 0

========================================================================
Received Import Request.
  Time since last request: 0.000020 seconds.
  path: Assets/Scripts/PlayerMovement.cs
  artifactKey: Guid(8545053624fa6154e898d2f2d4ce849a) Importer(815301076,1909f56bfc062723c751e8b465ee728b)
Start importing Assets/Scripts/PlayerMovement.cs using Guid(8545053624fa6154e898d2f2d4ce849a) Importer(815301076,1909f56bfc062723c751e8b465ee728b) (PreviewImporter) -> (artifact id: '00000000000000000000000000000000') in 0.0006351 seconds
Import Error Code:(4)
Message: Build asset version error: assets/scripts/playermovement.cs in SourceAssetDB has modification time of '2026-04-30T08:17:48.3142006Z' while content on disk has modification time of '2026-04-30T08:17:58.0249598Z'
  ERROR: Build asset version error: assets/scripts/playermovement.cs in SourceAssetDB has modification time of '2026-04-30T08:17:48.3142006Z' while content on disk has modification time of '2026-04-30T08:17:58.0249598Z'
Number of updated asset objects reloaded before import = 0Number of asset objects unloaded after import = 0

========================================================================
Received Import Request.
  Time since last request: 0.000023 seconds.
  path: Assets/Scripts/PlayerMovement.cs
  artifactKey: Guid(8545053624fa6154e898d2f2d4ce849a) Importer(815301076,1909f56bfc062723c751e8b465ee728b)
Start importing Assets/Scripts/PlayerMovement.cs using Guid(8545053624fa6154e898d2f2d4ce849a) Importer(815301076,1909f56bfc062723c751e8b465ee728b) (PreviewImporter) -> (artifact id: '00000000000000000000000000000000') in 0.0007065 seconds
Import Error Code:(4)
Message: Build asset version error: assets/scripts/playermovement.cs in SourceAssetDB has modification time of '2026-04-30T08:17:48.3142006Z' while content on disk has modification time of '2026-04-30T08:17:58.0249598Z'
  ERROR: Build asset version error: assets/scripts/playermovement.cs in SourceAssetDB has modification time of '2026-04-30T08:17:48.3142006Z' while content on disk has modification time of '2026-04-30T08:17:58.0249598Z'
Number of updated asset objects reloaded before import = 0Number of asset objects unloaded after import = 0

========================================================================
Received Import Request.
  Time since last request: 0.000031 seconds.
  path: Assets/Scripts/PlayerMovement.cs
  artifactKey: Guid(8545053624fa6154e898d2f2d4ce849a) Importer(815301076,1909f56bfc062723c751e8b465ee728b)
Start importing Assets/Scripts/PlayerMovement.cs using Guid(8545053624fa6154e898d2f2d4ce849a) Importer(815301076,1909f56bfc062723c751e8b465ee728b) (PreviewImporter) -> (artifact id: '00000000000000000000000000000000') in 0.0006044 seconds
Import Error Code:(4)
Message: Build asset version error: assets/scripts/playermovement.cs in SourceAssetDB has modification time of '2026-04-30T08:17:48.3142006Z' while content on disk has modification time of '2026-04-30T08:17:58.0249598Z'
  ERROR: Build asset version error: assets/scripts/playermovement.cs in SourceAssetDB has modification time of '2026-04-30T08:17:48.3142006Z' while content on disk has modification time of '2026-04-30T08:17:58.0249598Z'
Number of updated asset objects reloaded before import = 0Number of asset objects unloaded after import = 0

========================================================================
Received Import Request.
  Time since last request: 0.000018 seconds.
  path: Assets/Scripts/PlayerMovement.cs
  artifactKey: Guid(8545053624fa6154e898d2f2d4ce849a) Importer(815301076,1909f56bfc062723c751e8b465ee728b)
Start importing Assets/Scripts/PlayerMovement.cs using Guid(8545053624fa6154e898d2f2d4ce849a) Importer(815301076,1909f56bfc062723c751e8b465ee728b) (PreviewImporter) -> (artifact id: '00000000000000000000000000000000') in 0.000733 seconds
Import Error Code:(4)
Message: Build asset version error: assets/scripts/playermovement.cs in SourceAssetDB has modification time of '2026-04-30T08:17:48.3142006Z' while content on disk has modification time of '2026-04-30T08:17:58.0249598Z'
  ERROR: Build asset version error: assets/scripts/playermovement.cs in SourceAssetDB has modification time of '2026-04-30T08:17:48.3142006Z' while content on disk has modification time of '2026-04-30T08:17:58.0249598Z'
Number of updated asset objects reloaded before import = 0Number of asset objects unloaded after import = 0

========================================================================
Received Import Request.
  Time since last request: 0.000021 seconds.
  path: Assets/Scripts/PlayerMovement.cs
  artifactKey: Guid(8545053624fa6154e898d2f2d4ce849a) Importer(815301076,1909f56bfc062723c751e8b465ee728b)
Start importing Assets/Scripts/PlayerMovement.cs using Guid(8545053624fa6154e898d2f2d4ce849a) Importer(815301076,1909f56bfc062723c751e8b465ee728b) (PreviewImporter) -> (artifact id: '00000000000000000000000000000000') in 0.0005751 seconds
Import Error Code:(4)
Message: Build asset version error: assets/scripts/playermovement.cs in SourceAssetDB has modification time of '2026-04-30T08:17:48.3142006Z' while content on disk has modification time of '2026-04-30T08:17:58.0249598Z'
  ERROR: Build asset version error: assets/scripts/playermovement.cs in SourceAssetDB has modification time of '2026-04-30T08:17:48.3142006Z' while content on disk has modification time of '2026-04-30T08:17:58.0249598Z'
Number of updated asset objects reloaded before import = 0Number of asset objects unloaded after import = 0

========================================================================
Received Import Request.
  Time since last request: 0.000022 seconds.
  path: Assets/Scripts/PlayerMovement.cs
  artifactKey: Guid(8545053624fa6154e898d2f2d4ce849a) Importer(815301076,1909f56bfc062723c751e8b465ee728b)
Start importing Assets/Scripts/PlayerMovement.cs using Guid(8545053624fa6154e898d2f2d4ce849a) Importer(815301076,1909f56bfc062723c751e8b465ee728b) (PreviewImporter) -> (artifact id: '00000000000000000000000000000000') in 0.0005959 seconds
Import Error Code:(4)
Message: Build asset version error: assets/scripts/playermovement.cs in SourceAssetDB has modification time of '2026-04-30T08:17:48.3142006Z' while content on disk has modification time of '2026-04-30T08:17:58.0249598Z'
  ERROR: Build asset version error: assets/scripts/playermovement.cs in SourceAssetDB has modification time of '2026-04-30T08:17:48.3142006Z' while content on disk has modification time of '2026-04-30T08:17:58.0249598Z'
Number of updated asset objects reloaded before import = 0Number of asset objects unloaded after import = 0

========================================================================
Received Import Request.
  Time since last request: 0.000021 seconds.
  path: Assets/Scripts/PlayerMovement.cs
  artifactKey: Guid(8545053624fa6154e898d2f2d4ce849a) Importer(815301076,1909f56bfc062723c751e8b465ee728b)
Start importing Assets/Scripts/PlayerMovement.cs using Guid(8545053624fa6154e898d2f2d4ce849a) Importer(815301076,1909f56bfc062723c751e8b465ee728b) (PreviewImporter) -> (artifact id: '00000000000000000000000000000000') in 0.0006229 seconds
Import Error Code:(4)
Message: Build asset version error: assets/scripts/playermovement.cs in SourceAssetDB has modification time of '2026-04-30T08:17:48.3142006Z' while content on disk has modification time of '2026-04-30T08:17:58.0249598Z'
  ERROR: Build asset version error: assets/scripts/playermovement.cs in SourceAssetDB has modification time of '2026-04-30T08:17:48.3142006Z' while content on disk has modification time of '2026-04-30T08:17:58.0249598Z'
Number of updated asset objects reloaded before import = 0Number of asset objects unloaded after import = 0

========================================================================
Received Import Request.
  Time since last request: 0.000066 seconds.
  path: Assets/Scripts/PlayerMovement.cs
  artifactKey: Guid(8545053624fa6154e898d2f2d4ce849a) Importer(815301076,1909f56bfc062723c751e8b465ee728b)
Start importing Assets/Scripts/PlayerMovement.cs using Guid(8545053624fa6154e898d2f2d4ce849a) Importer(815301076,1909f56bfc062723c751e8b465ee728b) (PreviewImporter) -> (artifact id: '00000000000000000000000000000000') in 0.0007777 seconds
Import Error Code:(4)
Message: Build asset version error: assets/scripts/playermovement.cs in SourceAssetDB has modification time of '2026-04-30T08:17:48.3142006Z' while content on disk has modification time of '2026-04-30T08:17:58.0249598Z'
  ERROR: Build asset version error: assets/scripts/playermovement.cs in SourceAssetDB has modification time of '2026-04-30T08:17:48.3142006Z' while content on disk has modification time of '2026-04-30T08:17:58.0249598Z'
Number of updated asset objects reloaded before import = 0Number of asset objects unloaded after import = 0

========================================================================
Received Import Request.
  Time since last request: 0.000022 seconds.
  path: Assets/Scripts/PlayerMovement.cs
  artifactKey: Guid(8545053624fa6154e898d2f2d4ce849a) Importer(815301076,1909f56bfc062723c751e8b465ee728b)
Start importing Assets/Scripts/PlayerMovement.cs using Guid(8545053624fa6154e898d2f2d4ce849a) Importer(815301076,1909f56bfc062723c751e8b465ee728b) (PreviewImporter) -> (artifact id: '00000000000000000000000000000000') in 0.0006122 seconds
Import Error Code:(4)
Message: Build asset version error: assets/scripts/playermovement.cs in SourceAssetDB has modification time of '2026-04-30T08:17:48.3142006Z' while content on disk has modification time of '2026-04-30T08:17:58.0249598Z'
  ERROR: Build asset version error: assets/scripts/playermovement.cs in SourceAssetDB has modification time of '2026-04-30T08:17:48.3142006Z' while content on disk has modification time of '2026-04-30T08:17:58.0249598Z'
Number of updated asset objects reloaded before import = 0Number of asset objects unloaded after import = 0

========================================================================
Received Import Request.
  Time since last request: 0.000024 seconds.
  path: Assets/Scripts/PlayerMovement.cs
  artifactKey: Guid(8545053624fa6154e898d2f2d4ce849a) Importer(815301076,1909f56bfc062723c751e8b465ee728b)
Start importing Assets/Scripts/PlayerMovement.cs using Guid(8545053624fa6154e898d2f2d4ce849a) Importer(815301076,1909f56bfc062723c751e8b465ee728b) (PreviewImporter) -> (artifact id: '00000000000000000000000000000000') in 0.0006906 seconds
Import Error Code:(4)
Message: Build asset version error: assets/scripts/playermovement.cs in SourceAssetDB has modification time of '2026-04-30T08:17:48.3142006Z' while content on disk has modification time of '2026-04-30T08:17:58.0249598Z'
  ERROR: Build asset version error: assets/scripts/playermovement.cs in SourceAssetDB has modification time of '2026-04-30T08:17:48.3142006Z' while content on disk has modification time of '2026-04-30T08:17:58.0249598Z'
Number of updated asset objects reloaded before import = 0Number of asset objects unloaded after import = 0

========================================================================
Received Import Request.
  Time since last request: 0.000023 seconds.
  path: Assets/Scripts/PlayerMovement.cs
  artifactKey: Guid(8545053624fa6154e898d2f2d4ce849a) Importer(815301076,1909f56bfc062723c751e8b465ee728b)
Start importing Assets/Scripts/PlayerMovement.cs using Guid(8545053624fa6154e898d2f2d4ce849a) Importer(815301076,1909f56bfc062723c751e8b465ee728b) (PreviewImporter) -> (artifact id: '00000000000000000000000000000000') in 0.0007822 seconds
Import Error Code:(4)
Message: Build asset version error: assets/scripts/playermovement.cs in SourceAssetDB has modification time of '2026-04-30T08:17:48.3142006Z' while content on disk has modification time of '2026-04-30T08:18:04.771814Z'
  ERROR: Build asset version error: assets/scripts/playermovement.cs in SourceAssetDB has modification time of '2026-04-30T08:17:48.3142006Z' while content on disk has modification time of '2026-04-30T08:18:04.771814Z'
Number of updated asset objects reloaded before import = 0Number of asset objects unloaded after import = 0

========================================================================
Received Import Request.
  Time since last request: 0.000026 seconds.
  path: Assets/Scripts/PlayerMovement.cs
  artifactKey: Guid(8545053624fa6154e898d2f2d4ce849a) Importer(815301076,1909f56bfc062723c751e8b465ee728b)
Start importing Assets/Scripts/PlayerMovement.cs using Guid(8545053624fa6154e898d2f2d4ce849a) Importer(815301076,1909f56bfc062723c751e8b465ee728b) (PreviewImporter) -> (artifact id: '00000000000000000000000000000000') in 0.0006013 seconds
Import Error Code:(4)
Message: Build asset version error: assets/scripts/playermovement.cs in SourceAssetDB has modification time of '2026-04-30T08:17:48.3142006Z' while content on disk has modification time of '2026-04-30T08:18:04.771814Z'
  ERROR: Build asset version error: assets/scripts/playermovement.cs in SourceAssetDB has modification time of '2026-04-30T08:17:48.3142006Z' while content on disk has modification time of '2026-04-30T08:18:04.771814Z'
Number of updated asset objects reloaded before import = 0Number of asset objects unloaded after import = 0

========================================================================
Received Import Request.
  Time since last request: 0.000034 seconds.
  path: Assets/Scripts/PlayerMovement.cs
  artifactKey: Guid(8545053624fa6154e898d2f2d4ce849a) Importer(815301076,1909f56bfc062723c751e8b465ee728b)
Start importing Assets/Scripts/PlayerMovement.cs using Guid(8545053624fa6154e898d2f2d4ce849a) Importer(815301076,1909f56bfc062723c751e8b465ee728b) (PreviewImporter) -> (artifact id: '00000000000000000000000000000000') in 0.0007264 seconds
Import Error Code:(4)
Message: Build asset version error: assets/scripts/playermovement.cs in SourceAssetDB has modification time of '2026-04-30T08:17:48.3142006Z' while content on disk has modification time of '2026-04-30T08:18:04.771814Z'
  ERROR: Build asset version error: assets/scripts/playermovement.cs in SourceAssetDB has modification time of '2026-04-30T08:17:48.3142006Z' while content on disk has modification time of '2026-04-30T08:18:04.771814Z'
Number of updated asset objects reloaded before import = 0Number of asset objects unloaded after import = 0

========================================================================
Received Import Request.
  Time since last request: 0.000019 seconds.
  path: Assets/Scripts/PlayerMovement.cs
  artifactKey: Guid(8545053624fa6154e898d2f2d4ce849a) Importer(815301076,1909f56bfc062723c751e8b465ee728b)
Start importing Assets/Scripts/PlayerMovement.cs using Guid(8545053624fa6154e898d2f2d4ce849a) Importer(815301076,1909f56bfc062723c751e8b465ee728b) (PreviewImporter) -> (artifact id: '00000000000000000000000000000000') in 0.0007208 seconds
Import Error Code:(4)
Message: Build asset version error: assets/scripts/playermovement.cs in SourceAssetDB has modification time of '2026-04-30T08:17:48.3142006Z' while content on disk has modification time of '2026-04-30T08:18:04.771814Z'
  ERROR: Build asset version error: assets/scripts/playermovement.cs in SourceAssetDB has modification time of '2026-04-30T08:17:48.3142006Z' while content on disk has modification time of '2026-04-30T08:18:04.771814Z'
Number of updated asset objects reloaded before import = 0Number of asset objects unloaded after import = 0

========================================================================
Received Import Request.
  Time since last request: 0.000021 seconds.
  path: Assets/Scripts/PlayerMovement.cs
  artifactKey: Guid(8545053624fa6154e898d2f2d4ce849a) Importer(815301076,1909f56bfc062723c751e8b465ee728b)
Start importing Assets/Scripts/PlayerMovement.cs using Guid(8545053624fa6154e898d2f2d4ce849a) Importer(815301076,1909f56bfc062723c751e8b465ee728b) (PreviewImporter) -> (artifact id: '00000000000000000000000000000000') in 0.0006672 seconds
Import Error Code:(4)
Message: Build asset version error: assets/scripts/playermovement.cs in SourceAssetDB has modification time of '2026-04-30T08:17:48.3142006Z' while content on disk has modification time of '2026-04-30T08:18:04.771814Z'
  ERROR: Build asset version error: assets/scripts/playermovement.cs in SourceAssetDB has modification time of '2026-04-30T08:17:48.3142006Z' while content on disk has modification time of '2026-04-30T08:18:04.771814Z'
Number of updated asset objects reloaded before import = 0Number of asset objects unloaded after import = 0

========================================================================
Received Import Request.
  Time since last request: 0.000022 seconds.
  path: Assets/Scripts/PlayerMovement.cs
  artifactKey: Guid(8545053624fa6154e898d2f2d4ce849a) Importer(815301076,1909f56bfc062723c751e8b465ee728b)
Start importing Assets/Scripts/PlayerMovement.cs using Guid(8545053624fa6154e898d2f2d4ce849a) Importer(815301076,1909f56bfc062723c751e8b465ee728b) (PreviewImporter) -> (artifact id: '00000000000000000000000000000000') in 0.0007559 seconds
Import Error Code:(4)
Message: Build asset version error: assets/scripts/playermovement.cs in SourceAssetDB has modification time of '2026-04-30T08:17:48.3142006Z' while content on disk has modification time of '2026-04-30T08:18:04.771814Z'
  ERROR: Build asset version error: assets/scripts/playermovement.cs in SourceAssetDB has modification time of '2026-04-30T08:17:48.3142006Z' while content on disk has modification time of '2026-04-30T08:18:04.771814Z'
Number of updated asset objects reloaded before import = 0Number of asset objects unloaded after import = 0

========================================================================
Received Import Request.
  Time since last request: 0.000022 seconds.
  path: Assets/Scripts/PlayerMovement.cs
  artifactKey: Guid(8545053624fa6154e898d2f2d4ce849a) Importer(815301076,1909f56bfc062723c751e8b465ee728b)
Start importing Assets/Scripts/PlayerMovement.cs using Guid(8545053624fa6154e898d2f2d4ce849a) Importer(815301076,1909f56bfc062723c751e8b465ee728b) (PreviewImporter) -> (artifact id: '00000000000000000000000000000000') in 0.0007192 seconds
Import Error Code:(4)
Message: Build asset version error: assets/scripts/playermovement.cs in SourceAssetDB has modification time of '2026-04-30T08:17:48.3142006Z' while content on disk has modification time of '2026-04-30T08:18:04.771814Z'
  ERROR: Build asset version error: assets/scripts/playermovement.cs in SourceAssetDB has modification time of '2026-04-30T08:17:48.3142006Z' while content on disk has modification time of '2026-04-30T08:18:04.771814Z'
Number of updated asset objects reloaded before import = 0Number of asset objects unloaded after import = 0

========================================================================
Received Import Request.
  Time since last request: 0.000030 seconds.
  path: Assets/Scripts/PlayerMovement.cs
  artifactKey: Guid(8545053624fa6154e898d2f2d4ce849a) Importer(815301076,1909f56bfc062723c751e8b465ee728b)
Start importing Assets/Scripts/PlayerMovement.cs using Guid(8545053624fa6154e898d2f2d4ce849a) Importer(815301076,1909f56bfc062723c751e8b465ee728b) (PreviewImporter) -> (artifact id: '00000000000000000000000000000000') in 0.0006433 seconds
Import Error Code:(4)
Message: Build asset version error: assets/scripts/playermovement.cs in SourceAssetDB has modification time of '2026-04-30T08:17:48.3142006Z' while content on disk has modification time of '2026-04-30T08:18:04.771814Z'
  ERROR: Build asset version error: assets/scripts/playermovement.cs in SourceAssetDB has modification time of '2026-04-30T08:17:48.3142006Z' while content on disk has modification time of '2026-04-30T08:18:04.771814Z'
Number of updated asset objects reloaded before import = 0Number of asset objects unloaded after import = 0

========================================================================
Received Import Request.
  Time since last request: 0.000022 seconds.
  path: Assets/Scripts/PlayerMovement.cs
  artifactKey: Guid(8545053624fa6154e898d2f2d4ce849a) Importer(815301076,1909f56bfc062723c751e8b465ee728b)
Start importing Assets/Scripts/PlayerMovement.cs using Guid(8545053624fa6154e898d2f2d4ce849a) Importer(815301076,1909f56bfc062723c751e8b465ee728b) (PreviewImporter) -> (artifact id: '00000000000000000000000000000000') in 0.0006203 seconds
Import Error Code:(4)
Message: Build asset version error: assets/scripts/playermovement.cs in SourceAssetDB has modification time of '2026-04-30T08:17:48.3142006Z' while content on disk has modification time of '2026-04-30T08:18:04.771814Z'
  ERROR: Build asset version error: assets/scripts/playermovement.cs in SourceAssetDB has modification time of '2026-04-30T08:17:48.3142006Z' while content on disk has modification time of '2026-04-30T08:18:04.771814Z'
Number of updated asset objects reloaded before import = 0Number of asset objects unloaded after import = 0

========================================================================
Received Import Request.
  Time since last request: 0.000021 seconds.
  path: Assets/Scripts/PlayerMovement.cs
  artifactKey: Guid(8545053624fa6154e898d2f2d4ce849a) Importer(815301076,1909f56bfc062723c751e8b465ee728b)
Start importing Assets/Scripts/PlayerMovement.cs using Guid(8545053624fa6154e898d2f2d4ce849a) Importer(815301076,1909f56bfc062723c751e8b465ee728b) (PreviewImporter) -> (artifact id: '00000000000000000000000000000000') in 0.0006502 seconds
Import Error Code:(4)
Message: Build asset version error: assets/scripts/playermovement.cs in SourceAssetDB has modification time of '2026-04-30T08:17:48.3142006Z' while content on disk has modification time of '2026-04-30T08:18:04.771814Z'
  ERROR: Build asset version error: assets/scripts/playermovement.cs in SourceAssetDB has modification time of '2026-04-30T08:17:48.3142006Z' while content on disk has modification time of '2026-04-30T08:18:04.771814Z'
Number of updated asset objects reloaded before import = 0Number of asset objects unloaded after import = 0

========================================================================
Received Import Request.
  Time since last request: 0.000019 seconds.
  path: Assets/Scripts/PlayerMovement.cs
  artifactKey: Guid(8545053624fa6154e898d2f2d4ce849a) Importer(815301076,1909f56bfc062723c751e8b465ee728b)
Start importing Assets/Scripts/PlayerMovement.cs using Guid(8545053624fa6154e898d2f2d4ce849a) Importer(815301076,1909f56bfc062723c751e8b465ee728b) (PreviewImporter) -> (artifact id: '00000000000000000000000000000000') in 0.0007851 seconds
Import Error Code:(4)
Message: Build asset version error: assets/scripts/playermovement.cs in SourceAssetDB has modification time of '2026-04-30T08:17:48.3142006Z' while content on disk has modification time of '2026-04-30T08:18:04.771814Z'
  ERROR: Build asset version error: assets/scripts/playermovement.cs in SourceAssetDB has modification time of '2026-04-30T08:17:48.3142006Z' while content on disk has modification time of '2026-04-30T08:18:04.771814Z'
Number of updated asset objects reloaded before import = 0Number of asset objects unloaded after import = 0

========================================================================
Received Import Request.
  Time since last request: 0.000024 seconds.
  path: Assets/Scripts/PlayerMovement.cs
  artifactKey: Guid(8545053624fa6154e898d2f2d4ce849a) Importer(815301076,1909f56bfc062723c751e8b465ee728b)
Start importing Assets/Scripts/PlayerMovement.cs using Guid(8545053624fa6154e898d2f2d4ce849a) Importer(815301076,1909f56bfc062723c751e8b465ee728b) (PreviewImporter) -> (artifact id: '00000000000000000000000000000000') in 0.0007062 seconds
Import Error Code:(4)
Message: Build asset version error: assets/scripts/playermovement.cs in SourceAssetDB has modification time of '2026-04-30T08:17:48.3142006Z' while content on disk has modification time of '2026-04-30T08:18:04.771814Z'
  ERROR: Build asset version error: assets/scripts/playermovement.cs in SourceAssetDB has modification time of '2026-04-30T08:17:48.3142006Z' while content on disk has modification time of '2026-04-30T08:18:04.771814Z'
Number of updated asset objects reloaded before import = 0Number of asset objects unloaded after import = 0

========================================================================
Received Import Request.
  Time since last request: 0.000027 seconds.
  path: Assets/Scripts/PlayerMovement.cs
  artifactKey: Guid(8545053624fa6154e898d2f2d4ce849a) Importer(815301076,1909f56bfc062723c751e8b465ee728b)
Start importing Assets/Scripts/PlayerMovement.cs using Guid(8545053624fa6154e898d2f2d4ce849a) Importer(815301076,1909f56bfc062723c751e8b465ee728b) (PreviewImporter) -> (artifact id: '00000000000000000000000000000000') in 0.0006868 seconds
Import Error Code:(4)
Message: Build asset version error: assets/scripts/playermovement.cs in SourceAssetDB has modification time of '2026-04-30T08:17:48.3142006Z' while content on disk has modification time of '2026-04-30T08:18:04.771814Z'
  ERROR: Build asset version error: assets/scripts/playermovement.cs in SourceAssetDB has modification time of '2026-04-30T08:17:48.3142006Z' while content on disk has modification time of '2026-04-30T08:18:04.771814Z'
Number of updated asset objects reloaded before import = 0Number of asset objects unloaded after import = 0

========================================================================
Received Import Request.
  Time since last request: 0.000021 seconds.
  path: Assets/Scripts/PlayerMovement.cs
  artifactKey: Guid(8545053624fa6154e898d2f2d4ce849a) Importer(815301076,1909f56bfc062723c751e8b465ee728b)
Start importing Assets/Scripts/PlayerMovement.cs using Guid(8545053624fa6154e898d2f2d4ce849a) Importer(815301076,1909f56bfc062723c751e8b465ee728b) (PreviewImporter) -> (artifact id: '00000000000000000000000000000000') in 0.000742 seconds
Import Error Code:(4)
Message: Build asset version error: assets/scripts/playermovement.cs in SourceAssetDB has modification time of '2026-04-30T08:17:48.3142006Z' while content on disk has modification time of '2026-04-30T08:18:04.771814Z'
  ERROR: Build asset version error: assets/scripts/playermovement.cs in SourceAssetDB has modification time of '2026-04-30T08:17:48.3142006Z' while content on disk has modification time of '2026-04-30T08:18:04.771814Z'
Number of updated asset objects reloaded before import = 0Number of asset objects unloaded after import = 0

========================================================================
Received Import Request.
  Time since last request: 0.000022 seconds.
  path: Assets/Scripts/PlayerMovement.cs
  artifactKey: Guid(8545053624fa6154e898d2f2d4ce849a) Importer(815301076,1909f56bfc062723c751e8b465ee728b)
Start importing Assets/Scripts/PlayerMovement.cs using Guid(8545053624fa6154e898d2f2d4ce849a) Importer(815301076,1909f56bfc062723c751e8b465ee728b) (PreviewImporter) -> (artifact id: '00000000000000000000000000000000') in 0.0007234 seconds
Import Error Code:(4)
Message: Build asset version error: assets/scripts/playermovement.cs in SourceAssetDB has modification time of '2026-04-30T08:17:48.3142006Z' while content on disk has modification time of '2026-04-30T08:18:04.771814Z'
  ERROR: Build asset version error: assets/scripts/playermovement.cs in SourceAssetDB has modification time of '2026-04-30T08:17:48.3142006Z' while content on disk has modification time of '2026-04-30T08:18:04.771814Z'
Number of updated asset objects reloaded before import = 0Number of asset objects unloaded after import = 0

========================================================================
Received Import Request.
  Time since last request: 0.000021 seconds.
  path: Assets/Scripts/PlayerMovement.cs
  artifactKey: Guid(8545053624fa6154e898d2f2d4ce849a) Importer(815301076,1909f56bfc062723c751e8b465ee728b)
Start importing Assets/Scripts/PlayerMovement.cs using Guid(8545053624fa6154e898d2f2d4ce849a) Importer(815301076,1909f56bfc062723c751e8b465ee728b) (PreviewImporter) -> (artifact id: '00000000000000000000000000000000') in 0.0007315 seconds
Import Error Code:(4)
Message: Build asset version error: assets/scripts/playermovement.cs in SourceAssetDB has modification time of '2026-04-30T08:17:48.3142006Z' while content on disk has modification time of '2026-04-30T08:18:04.771814Z'
  ERROR: Build asset version error: assets/scripts/playermovement.cs in SourceAssetDB has modification time of '2026-04-30T08:17:48.3142006Z' while content on disk has modification time of '2026-04-30T08:18:04.771814Z'
Number of updated asset objects reloaded before import = 0Number of asset objects unloaded after import = 0

========================================================================
Received Import Request.
  Time since last request: 0.000026 seconds.
  path: Assets/Scripts/PlayerMovement.cs
  artifactKey: Guid(8545053624fa6154e898d2f2d4ce849a) Importer(815301076,1909f56bfc062723c751e8b465ee728b)
Start importing Assets/Scripts/PlayerMovement.cs using Guid(8545053624fa6154e898d2f2d4ce849a) Importer(815301076,1909f56bfc062723c751e8b465ee728b) (PreviewImporter) -> (artifact id: '00000000000000000000000000000000') in 0.0007983 seconds
Import Error Code:(4)
Message: Build asset version error: assets/scripts/playermovement.cs in SourceAssetDB has modification time of '2026-04-30T08:17:48.3142006Z' while content on disk has modification time of '2026-04-30T08:18:04.771814Z'
  ERROR: Build asset version error: assets/scripts/playermovement.cs in SourceAssetDB has modification time of '2026-04-30T08:17:48.3142006Z' while content on disk has modification time of '2026-04-30T08:18:04.771814Z'
Number of updated asset objects reloaded before import = 0Number of asset objects unloaded after import = 0

========================================================================
Received Import Request.
  Time since last request: 0.000033 seconds.
  path: Assets/Scripts/PlayerMovement.cs
  artifactKey: Guid(8545053624fa6154e898d2f2d4ce849a) Importer(815301076,1909f56bfc062723c751e8b465ee728b)
Start importing Assets/Scripts/PlayerMovement.cs using Guid(8545053624fa6154e898d2f2d4ce849a) Importer(815301076,1909f56bfc062723c751e8b465ee728b) (PreviewImporter) -> (artifact id: '00000000000000000000000000000000') in 0.0006373 seconds
Import Error Code:(4)
Message: Build asset version error: assets/scripts/playermovement.cs in SourceAssetDB has modification time of '2026-04-30T08:17:48.3142006Z' while content on disk has modification time of '2026-04-30T08:18:04.771814Z'
  ERROR: Build asset version error: assets/scripts/playermovement.cs in SourceAssetDB has modification time of '2026-04-30T08:17:48.3142006Z' while content on disk has modification time of '2026-04-30T08:18:04.771814Z'
Number of updated asset objects reloaded before import = 0Number of asset objects unloaded after import = 0

========================================================================
Received Import Request.
  Time since last request: 0.000020 seconds.
  path: Assets/Scripts/PlayerMovement.cs
  artifactKey: Guid(8545053624fa6154e898d2f2d4ce849a) Importer(815301076,1909f56bfc062723c751e8b465ee728b)
Start importing Assets/Scripts/PlayerMovement.cs using Guid(8545053624fa6154e898d2f2d4ce849a) Importer(815301076,1909f56bfc062723c751e8b465ee728b) (PreviewImporter) -> (artifact id: '00000000000000000000000000000000') in 0.0007535 seconds
Import Error Code:(4)
Message: Build asset version error: assets/scripts/playermovement.cs in SourceAssetDB has modification time of '2026-04-30T08:17:48.3142006Z' while content on disk has modification time of '2026-04-30T08:18:04.771814Z'
  ERROR: Build asset version error: assets/scripts/playermovement.cs in SourceAssetDB has modification time of '2026-04-30T08:17:48.3142006Z' while content on disk has modification time of '2026-04-30T08:18:04.771814Z'
Number of updated asset objects reloaded before import = 0Number of asset objects unloaded after import = 0

========================================================================
Received Import Request.
  Time since last request: 0.000022 seconds.
  path: Assets/Scripts/PlayerMovement.cs
  artifactKey: Guid(8545053624fa6154e898d2f2d4ce849a) Importer(815301076,1909f56bfc062723c751e8b465ee728b)
Start importing Assets/Scripts/PlayerMovement.cs using Guid(8545053624fa6154e898d2f2d4ce849a) Importer(815301076,1909f56bfc062723c751e8b465ee728b) (PreviewImporter) -> (artifact id: '00000000000000000000000000000000') in 0.0007296 seconds
Import Error Code:(4)
Message: Build asset version error: assets/scripts/playermovement.cs in SourceAssetDB has modification time of '2026-04-30T08:17:48.3142006Z' while content on disk has modification time of '2026-04-30T08:18:04.771814Z'
  ERROR: Build asset version error: assets/scripts/playermovement.cs in SourceAssetDB has modification time of '2026-04-30T08:17:48.3142006Z' while content on disk has modification time of '2026-04-30T08:18:04.771814Z'
Number of updated asset objects reloaded before import = 0Number of asset objects unloaded after import = 0

========================================================================
Received Import Request.
  Time since last request: 0.000021 seconds.
  path: Assets/Scripts/PlayerMovement.cs
  artifactKey: Guid(8545053624fa6154e898d2f2d4ce849a) Importer(815301076,1909f56bfc062723c751e8b465ee728b)
Start importing Assets/Scripts/PlayerMovement.cs using Guid(8545053624fa6154e898d2f2d4ce849a) Importer(815301076,1909f56bfc062723c751e8b465ee728b) (PreviewImporter) -> (artifact id: '00000000000000000000000000000000') in 0.0007372 seconds
Import Error Code:(4)
Message: Build asset version error: assets/scripts/playermovement.cs in SourceAssetDB has modification time of '2026-04-30T08:17:48.3142006Z' while content on disk has modification time of '2026-04-30T08:18:04.771814Z'
  ERROR: Build asset version error: assets/scripts/playermovement.cs in SourceAssetDB has modification time of '2026-04-30T08:17:48.3142006Z' while content on disk has modification time of '2026-04-30T08:18:04.771814Z'
Number of updated asset objects reloaded before import = 0Number of asset objects unloaded after import = 0

========================================================================
Received Import Request.
  Time since last request: 0.000025 seconds.
  path: Assets/Scripts/PlayerMovement.cs
  artifactKey: Guid(8545053624fa6154e898d2f2d4ce849a) Importer(815301076,1909f56bfc062723c751e8b465ee728b)
Start importing Assets/Scripts/PlayerMovement.cs using Guid(8545053624fa6154e898d2f2d4ce849a) Importer(815301076,1909f56bfc062723c751e8b465ee728b) (PreviewImporter) -> (artifact id: '00000000000000000000000000000000') in 0.0007324 seconds
Import Error Code:(4)
Message: Build asset version error: assets/scripts/playermovement.cs in SourceAssetDB has modification time of '2026-04-30T08:17:48.3142006Z' while content on disk has modification time of '2026-04-30T08:18:04.771814Z'
  ERROR: Build asset version error: assets/scripts/playermovement.cs in SourceAssetDB has modification time of '2026-04-30T08:17:48.3142006Z' while content on disk has modification time of '2026-04-30T08:18:04.771814Z'
Number of updated asset objects reloaded before import = 0Number of asset objects unloaded after import = 0

========================================================================
Received Import Request.
  Time since last request: 0.000032 seconds.
  path: Assets/Scripts/PlayerMovement.cs
  artifactKey: Guid(8545053624fa6154e898d2f2d4ce849a) Importer(815301076,1909f56bfc062723c751e8b465ee728b)
Start importing Assets/Scripts/PlayerMovement.cs using Guid(8545053624fa6154e898d2f2d4ce849a) Importer(815301076,1909f56bfc062723c751e8b465ee728b) (PreviewImporter) -> (artifact id: '00000000000000000000000000000000') in 0.0007794 seconds
Import Error Code:(4)
Message: Build asset version error: assets/scripts/playermovement.cs in SourceAssetDB has modification time of '2026-04-30T08:17:48.3142006Z' while content on disk has modification time of '2026-04-30T08:18:04.771814Z'
  ERROR: Build asset version error: assets/scripts/playermovement.cs in SourceAssetDB has modification time of '2026-04-30T08:17:48.3142006Z' while content on disk has modification time of '2026-04-30T08:18:04.771814Z'
Number of updated asset objects reloaded before import = 0Number of asset objects unloaded after import = 0

========================================================================
Received Import Request.
  Time since last request: 0.000017 seconds.
  path: Assets/Scripts/PlayerMovement.cs
  artifactKey: Guid(8545053624fa6154e898d2f2d4ce849a) Importer(815301076,1909f56bfc062723c751e8b465ee728b)
Start importing Assets/Scripts/PlayerMovement.cs using Guid(8545053624fa6154e898d2f2d4ce849a) Importer(815301076,1909f56bfc062723c751e8b465ee728b) (PreviewImporter) -> (artifact id: '00000000000000000000000000000000') in 0.0006442 seconds
Import Error Code:(4)
Message: Build asset version error: assets/scripts/playermovement.cs in SourceAssetDB has modification time of '2026-04-30T08:17:48.3142006Z' while content on disk has modification time of '2026-04-30T08:18:04.771814Z'
  ERROR: Build asset version error: assets/scripts/playermovement.cs in SourceAssetDB has modification time of '2026-04-30T08:17:48.3142006Z' while content on disk has modification time of '2026-04-30T08:18:04.771814Z'
Number of updated asset objects reloaded before import = 0Number of asset objects unloaded after import = 0

========================================================================
Received Import Request.
  Time since last request: 0.000024 seconds.
  path: Assets/Scripts/PlayerMovement.cs
  artifactKey: Guid(8545053624fa6154e898d2f2d4ce849a) Importer(815301076,1909f56bfc062723c751e8b465ee728b)
Start importing Assets/Scripts/PlayerMovement.cs using Guid(8545053624fa6154e898d2f2d4ce849a) Importer(815301076,1909f56bfc062723c751e8b465ee728b) (PreviewImporter) -> (artifact id: '00000000000000000000000000000000') in 0.0006093 seconds
Import Error Code:(4)
Message: Build asset version error: assets/scripts/playermovement.cs in SourceAssetDB has modification time of '2026-04-30T08:17:48.3142006Z' while content on disk has modification time of '2026-04-30T08:18:04.771814Z'
  ERROR: Build asset version error: assets/scripts/playermovement.cs in SourceAssetDB has modification time of '2026-04-30T08:17:48.3142006Z' while content on disk has modification time of '2026-04-30T08:18:04.771814Z'
Number of updated asset objects reloaded before import = 0Number of asset objects unloaded after import = 0

========================================================================
Received Import Request.
  Time since last request: 0.000022 seconds.
  path: Assets/Scripts/PlayerMovement.cs
  artifactKey: Guid(8545053624fa6154e898d2f2d4ce849a) Importer(815301076,1909f56bfc062723c751e8b465ee728b)
Start importing Assets/Scripts/PlayerMovement.cs using Guid(8545053624fa6154e898d2f2d4ce849a) Importer(815301076,1909f56bfc062723c751e8b465ee728b) (PreviewImporter) -> (artifact id: '00000000000000000000000000000000') in 0.0008042 seconds
Import Error Code:(4)
Message: Build asset version error: assets/scripts/playermovement.cs in SourceAssetDB has modification time of '2026-04-30T08:17:48.3142006Z' while content on disk has modification time of '2026-04-30T08:18:04.771814Z'
  ERROR: Build asset version error: assets/scripts/playermovement.cs in SourceAssetDB has modification time of '2026-04-30T08:17:48.3142006Z' while content on disk has modification time of '2026-04-30T08:18:04.771814Z'
Number of updated asset objects reloaded before import = 0Number of asset objects unloaded after import = 0

========================================================================
Received Import Request.
  Time since last request: 0.000028 seconds.
  path: Assets/Scripts/PlayerMovement.cs
  artifactKey: Guid(8545053624fa6154e898d2f2d4ce849a) Importer(815301076,1909f56bfc062723c751e8b465ee728b)
Start importing Assets/Scripts/PlayerMovement.cs using Guid(8545053624fa6154e898d2f2d4ce849a) Importer(815301076,1909f56bfc062723c751e8b465ee728b) (PreviewImporter) -> (artifact id: '00000000000000000000000000000000') in 0.0006753 seconds
Import Error Code:(4)
Message: Build asset version error: assets/scripts/playermovement.cs in SourceAssetDB has modification time of '2026-04-30T08:17:48.3142006Z' while content on disk has modification time of '2026-04-30T08:18:04.771814Z'
  ERROR: Build asset version error: assets/scripts/playermovement.cs in SourceAssetDB has modification time of '2026-04-30T08:17:48.3142006Z' while content on disk has modification time of '2026-04-30T08:18:04.771814Z'
Number of updated asset objects reloaded before import = 0Number of asset objects unloaded after import = 0

========================================================================
Received Import Request.
  Time since last request: 0.000034 seconds.
  path: Assets/Scripts/PlayerMovement.cs
  artifactKey: Guid(8545053624fa6154e898d2f2d4ce849a) Importer(815301076,1909f56bfc062723c751e8b465ee728b)
Start importing Assets/Scripts/PlayerMovement.cs using Guid(8545053624fa6154e898d2f2d4ce849a) Importer(815301076,1909f56bfc062723c751e8b465ee728b) (PreviewImporter) -> (artifact id: '00000000000000000000000000000000') in 0.0007087 seconds
Import Error Code:(4)
Message: Build asset version error: assets/scripts/playermovement.cs in SourceAssetDB has modification time of '2026-04-30T08:17:48.3142006Z' while content on disk has modification time of '2026-04-30T08:18:04.771814Z'
  ERROR: Build asset version error: assets/scripts/playermovement.cs in SourceAssetDB has modification time of '2026-04-30T08:17:48.3142006Z' while content on disk has modification time of '2026-04-30T08:18:04.771814Z'
Number of updated asset objects reloaded before import = 0Number of asset objects unloaded after import = 0

========================================================================
Received Import Request.
  Time since last request: 0.000020 seconds.
  path: Assets/Scripts/PlayerMovement.cs
  artifactKey: Guid(8545053624fa6154e898d2f2d4ce849a) Importer(815301076,1909f56bfc062723c751e8b465ee728b)
Start importing Assets/Scripts/PlayerMovement.cs using Guid(8545053624fa6154e898d2f2d4ce849a) Importer(815301076,1909f56bfc062723c751e8b465ee728b) (PreviewImporter) -> (artifact id: '00000000000000000000000000000000') in 0.0007644 seconds
Import Error Code:(4)
Message: Build asset version error: assets/scripts/playermovement.cs in SourceAssetDB has modification time of '2026-04-30T08:17:48.3142006Z' while content on disk has modification time of '2026-04-30T08:18:04.771814Z'
  ERROR: Build asset version error: assets/scripts/playermovement.cs in SourceAssetDB has modification time of '2026-04-30T08:17:48.3142006Z' while content on disk has modification time of '2026-04-30T08:18:04.771814Z'
Number of updated asset objects reloaded before import = 0Number of asset objects unloaded after import = 0

========================================================================
Received Import Request.
  Time since last request: 0.000021 seconds.
  path: Assets/Scripts/PlayerMovement.cs
  artifactKey: Guid(8545053624fa6154e898d2f2d4ce849a) Importer(815301076,1909f56bfc062723c751e8b465ee728b)
Start importing Assets/Scripts/PlayerMovement.cs using Guid(8545053624fa6154e898d2f2d4ce849a) Importer(815301076,1909f56bfc062723c751e8b465ee728b) (PreviewImporter) -> (artifact id: '00000000000000000000000000000000') in 0.000567 seconds
Import Error Code:(4)
Message: Build asset version error: assets/scripts/playermovement.cs in SourceAssetDB has modification time of '2026-04-30T08:17:48.3142006Z' while content on disk has modification time of '2026-04-30T08:18:04.771814Z'
  ERROR: Build asset version error: assets/scripts/playermovement.cs in SourceAssetDB has modification time of '2026-04-30T08:17:48.3142006Z' while content on disk has modification time of '2026-04-30T08:18:04.771814Z'
Number of updated asset objects reloaded before import = 0Number of asset objects unloaded after import = 0

========================================================================
Received Import Request.
  Time since last request: 0.000019 seconds.
  path: Assets/Scripts/PlayerMovement.cs
  artifactKey: Guid(8545053624fa6154e898d2f2d4ce849a) Importer(815301076,1909f56bfc062723c751e8b465ee728b)
Start importing Assets/Scripts/PlayerMovement.cs using Guid(8545053624fa6154e898d2f2d4ce849a) Importer(815301076,1909f56bfc062723c751e8b465ee728b) (PreviewImporter) -> (artifact id: '00000000000000000000000000000000') in 0.0006992 seconds
Import Error Code:(4)
Message: Build asset version error: assets/scripts/playermovement.cs in SourceAssetDB has modification time of '2026-04-30T08:17:48.3142006Z' while content on disk has modification time of '2026-04-30T08:18:04.771814Z'
  ERROR: Build asset version error: assets/scripts/playermovement.cs in SourceAssetDB has modification time of '2026-04-30T08:17:48.3142006Z' while content on disk has modification time of '2026-04-30T08:18:04.771814Z'
Number of updated asset objects reloaded before import = 0Number of asset objects unloaded after import = 0

========================================================================
Received Import Request.
  Time since last request: 0.000023 seconds.
  path: Assets/Scripts/PlayerMovement.cs
  artifactKey: Guid(8545053624fa6154e898d2f2d4ce849a) Importer(815301076,1909f56bfc062723c751e8b465ee728b)
Start importing Assets/Scripts/PlayerMovement.cs using Guid(8545053624fa6154e898d2f2d4ce849a) Importer(815301076,1909f56bfc062723c751e8b465ee728b) (PreviewImporter) -> (artifact id: '00000000000000000000000000000000') in 0.0007461 seconds
Import Error Code:(4)
Message: Build asset version error: assets/scripts/playermovement.cs in SourceAssetDB has modification time of '2026-04-30T08:17:48.3142006Z' while content on disk has modification time of '2026-04-30T08:18:04.771814Z'
  ERROR: Build asset version error: assets/scripts/playermovement.cs in SourceAssetDB has modification time of '2026-04-30T08:17:48.3142006Z' while content on disk has modification time of '2026-04-30T08:18:04.771814Z'
Number of updated asset objects reloaded before import = 0Number of asset objects unloaded after import = 0

========================================================================
Received Import Request.
  Time since last request: 0.000029 seconds.
  path: Assets/Scripts/PlayerMovement.cs
  artifactKey: Guid(8545053624fa6154e898d2f2d4ce849a) Importer(815301076,1909f56bfc062723c751e8b465ee728b)
Start importing Assets/Scripts/PlayerMovement.cs using Guid(8545053624fa6154e898d2f2d4ce849a) Importer(815301076,1909f56bfc062723c751e8b465ee728b) (PreviewImporter) -> (artifact id: '00000000000000000000000000000000') in 0.0006667 seconds
Import Error Code:(4)
Message: Build asset version error: assets/scripts/playermovement.cs in SourceAssetDB has modification time of '2026-04-30T08:17:48.3142006Z' while content on disk has modification time of '2026-04-30T08:18:04.771814Z'
  ERROR: Build asset version error: assets/scripts/playermovement.cs in SourceAssetDB has modification time of '2026-04-30T08:17:48.3142006Z' while content on disk has modification time of '2026-04-30T08:18:04.771814Z'
Number of updated asset objects reloaded before import = 0Number of asset objects unloaded after import = 0

========================================================================
Received Import Request.
  Time since last request: 0.000022 seconds.
  path: Assets/Scripts/PlayerMovement.cs
  artifactKey: Guid(8545053624fa6154e898d2f2d4ce849a) Importer(815301076,1909f56bfc062723c751e8b465ee728b)
Start importing Assets/Scripts/PlayerMovement.cs using Guid(8545053624fa6154e898d2f2d4ce849a) Importer(815301076,1909f56bfc062723c751e8b465ee728b) (PreviewImporter) -> (artifact id: '00000000000000000000000000000000') in 0.0006846 seconds
Import Error Code:(4)
Message: Build asset version error: assets/scripts/playermovement.cs in SourceAssetDB has modification time of '2026-04-30T08:17:48.3142006Z' while content on disk has modification time of '2026-04-30T08:18:04.771814Z'
  ERROR: Build asset version error: assets/scripts/playermovement.cs in SourceAssetDB has modification time of '2026-04-30T08:17:48.3142006Z' while content on disk has modification time of '2026-04-30T08:18:04.771814Z'
Number of updated asset objects reloaded before import = 0Number of asset objects unloaded after import = 0

========================================================================
Received Import Request.
  Time since last request: 0.000021 seconds.
  path: Assets/Scripts/PlayerMovement.cs
  artifactKey: Guid(8545053624fa6154e898d2f2d4ce849a) Importer(815301076,1909f56bfc062723c751e8b465ee728b)
Start importing Assets/Scripts/PlayerMovement.cs using Guid(8545053624fa6154e898d2f2d4ce849a) Importer(815301076,1909f56bfc062723c751e8b465ee728b) (PreviewImporter) -> (artifact id: '00000000000000000000000000000000') in 0.000775 seconds
Import Error Code:(4)
Message: Build asset version error: assets/scripts/playermovement.cs in SourceAssetDB has modification time of '2026-04-30T08:17:48.3142006Z' while content on disk has modification time of '2026-04-30T08:18:04.771814Z'
  ERROR: Build asset version error: assets/scripts/playermovement.cs in SourceAssetDB has modification time of '2026-04-30T08:17:48.3142006Z' while content on disk has modification time of '2026-04-30T08:18:04.771814Z'
Number of updated asset objects reloaded before import = 0Number of asset objects unloaded after import = 0

========================================================================
Received Import Request.
  Time since last request: 0.000019 seconds.
  path: Assets/Scripts/PlayerMovement.cs
  artifactKey: Guid(8545053624fa6154e898d2f2d4ce849a) Importer(815301076,1909f56bfc062723c751e8b465ee728b)
Start importing Assets/Scripts/PlayerMovement.cs using Guid(8545053624fa6154e898d2f2d4ce849a) Importer(815301076,1909f56bfc062723c751e8b465ee728b) (PreviewImporter) -> (artifact id: '00000000000000000000000000000000') in 0.0006075 seconds
Import Error Code:(4)
Message: Build asset version error: assets/scripts/playermovement.cs in SourceAssetDB has modification time of '2026-04-30T08:17:48.3142006Z' while content on disk has modification time of '2026-04-30T08:18:04.771814Z'
  ERROR: Build asset version error: assets/scripts/playermovement.cs in SourceAssetDB has modification time of '2026-04-30T08:17:48.3142006Z' while content on disk has modification time of '2026-04-30T08:18:04.771814Z'
Number of updated asset objects reloaded before import = 0Number of asset objects unloaded after import = 0

========================================================================
Received Import Request.
  Time since last request: 0.000025 seconds.
  path: Assets/Scripts/PlayerMovement.cs
  artifactKey: Guid(8545053624fa6154e898d2f2d4ce849a) Importer(815301076,1909f56bfc062723c751e8b465ee728b)
Start importing Assets/Scripts/PlayerMovement.cs using Guid(8545053624fa6154e898d2f2d4ce849a) Importer(815301076,1909f56bfc062723c751e8b465ee728b) (PreviewImporter) -> (artifact id: '00000000000000000000000000000000') in 0.0005931 seconds
Import Error Code:(4)
Message: Build asset version error: assets/scripts/playermovement.cs in SourceAssetDB has modification time of '2026-04-30T08:17:48.3142006Z' while content on disk has modification time of '2026-04-30T08:18:04.771814Z'
  ERROR: Build asset version error: assets/scripts/playermovement.cs in SourceAssetDB has modification time of '2026-04-30T08:17:48.3142006Z' while content on disk has modification time of '2026-04-30T08:18:04.771814Z'
Number of updated asset objects reloaded before import = 0Number of asset objects unloaded after import = 0

========================================================================
Received Import Request.
  Time since last request: 0.000040 seconds.
  path: Assets/Scripts/PlayerMovement.cs
  artifactKey: Guid(8545053624fa6154e898d2f2d4ce849a) Importer(815301076,1909f56bfc062723c751e8b465ee728b)
Start importing Assets/Scripts/PlayerMovement.cs using Guid(8545053624fa6154e898d2f2d4ce849a) Importer(815301076,1909f56bfc062723c751e8b465ee728b) (PreviewImporter) -> (artifact id: '00000000000000000000000000000000') in 0.0008077 seconds
Import Error Code:(4)
Message: Build asset version error: assets/scripts/playermovement.cs in SourceAssetDB has modification time of '2026-04-30T08:17:48.3142006Z' while content on disk has modification time of '2026-04-30T08:18:04.771814Z'
  ERROR: Build asset version error: assets/scripts/playermovement.cs in SourceAssetDB has modification time of '2026-04-30T08:17:48.3142006Z' while content on disk has modification time of '2026-04-30T08:18:04.771814Z'
Number of updated asset objects reloaded before import = 0Number of asset objects unloaded after import = 0

========================================================================
Received Import Request.
  Time since last request: 0.000018 seconds.
  path: Assets/Scripts/PlayerMovement.cs
  artifactKey: Guid(8545053624fa6154e898d2f2d4ce849a) Importer(815301076,1909f56bfc062723c751e8b465ee728b)
Start importing Assets/Scripts/PlayerMovement.cs using Guid(8545053624fa6154e898d2f2d4ce849a) Importer(815301076,1909f56bfc062723c751e8b465ee728b) (PreviewImporter) -> (artifact id: '00000000000000000000000000000000') in 0.0006523 seconds
Import Error Code:(4)
Message: Build asset version error: assets/scripts/playermovement.cs in SourceAssetDB has modification time of '2026-04-30T08:17:48.3142006Z' while content on disk has modification time of '2026-04-30T08:18:04.771814Z'
  ERROR: Build asset version error: assets/scripts/playermovement.cs in SourceAssetDB has modification time of '2026-04-30T08:17:48.3142006Z' while content on disk has modification time of '2026-04-30T08:18:04.771814Z'
Number of updated asset objects reloaded before import = 0Number of asset objects unloaded after import = 0

========================================================================
Received Import Request.
  Time since last request: 0.000018 seconds.
  path: Assets/Scripts/PlayerMovement.cs
  artifactKey: Guid(8545053624fa6154e898d2f2d4ce849a) Importer(815301076,1909f56bfc062723c751e8b465ee728b)
Start importing Assets/Scripts/PlayerMovement.cs using Guid(8545053624fa6154e898d2f2d4ce849a) Importer(815301076,1909f56bfc062723c751e8b465ee728b) (PreviewImporter) -> (artifact id: '00000000000000000000000000000000') in 0.0006671 seconds
Import Error Code:(4)
Message: Build asset version error: assets/scripts/playermovement.cs in SourceAssetDB has modification time of '2026-04-30T08:17:48.3142006Z' while content on disk has modification time of '2026-04-30T08:18:04.771814Z'
  ERROR: Build asset version error: assets/scripts/playermovement.cs in SourceAssetDB has modification time of '2026-04-30T08:17:48.3142006Z' while content on disk has modification time of '2026-04-30T08:18:04.771814Z'
Number of updated asset objects reloaded before import = 0Number of asset objects unloaded after import = 0

========================================================================
Received Import Request.
  Time since last request: 0.000022 seconds.
  path: Assets/Scripts/PlayerMovement.cs
  artifactKey: Guid(8545053624fa6154e898d2f2d4ce849a) Importer(815301076,1909f56bfc062723c751e8b465ee728b)
Start importing Assets/Scripts/PlayerMovement.cs using Guid(8545053624fa6154e898d2f2d4ce849a) Importer(815301076,1909f56bfc062723c751e8b465ee728b) (PreviewImporter) -> (artifact id: '00000000000000000000000000000000') in 0.0005712 seconds
Import Error Code:(4)
Message: Build asset version error: assets/scripts/playermovement.cs in SourceAssetDB has modification time of '2026-04-30T08:17:48.3142006Z' while content on disk has modification time of '2026-04-30T08:18:04.771814Z'
  ERROR: Build asset version error: assets/scripts/playermovement.cs in SourceAssetDB has modification time of '2026-04-30T08:17:48.3142006Z' while content on disk has modification time of '2026-04-30T08:18:04.771814Z'
Number of updated asset objects reloaded before import = 0Number of asset objects unloaded after import = 0

========================================================================
Received Import Request.
  Time since last request: 0.000022 seconds.
  path: Assets/Scripts/PlayerMovement.cs
  artifactKey: Guid(8545053624fa6154e898d2f2d4ce849a) Importer(815301076,1909f56bfc062723c751e8b465ee728b)
Start importing Assets/Scripts/PlayerMovement.cs using Guid(8545053624fa6154e898d2f2d4ce849a) Importer(815301076,1909f56bfc062723c751e8b465ee728b) (PreviewImporter) -> (artifact id: '00000000000000000000000000000000') in 0.0006109 seconds
Import Error Code:(4)
Message: Build asset version error: assets/scripts/playermovement.cs in SourceAssetDB has modification time of '2026-04-30T08:17:48.3142006Z' while content on disk has modification time of '2026-04-30T08:18:04.771814Z'
  ERROR: Build asset version error: assets/scripts/playermovement.cs in SourceAssetDB has modification time of '2026-04-30T08:17:48.3142006Z' while content on disk has modification time of '2026-04-30T08:18:04.771814Z'
Number of updated asset objects reloaded before import = 0Number of asset objects unloaded after import = 0

========================================================================
Received Import Request.
  Time since last request: 0.000030 seconds.
  path: Assets/Scripts/PlayerMovement.cs
  artifactKey: Guid(8545053624fa6154e898d2f2d4ce849a) Importer(815301076,1909f56bfc062723c751e8b465ee728b)
Start importing Assets/Scripts/PlayerMovement.cs using Guid(8545053624fa6154e898d2f2d4ce849a) Importer(815301076,1909f56bfc062723c751e8b465ee728b) (PreviewImporter) -> (artifact id: '00000000000000000000000000000000') in 0.0006474 seconds
Import Error Code:(4)
Message: Build asset version error: assets/scripts/playermovement.cs in SourceAssetDB has modification time of '2026-04-30T08:17:48.3142006Z' while content on disk has modification time of '2026-04-30T08:18:04.771814Z'
  ERROR: Build asset version error: assets/scripts/playermovement.cs in SourceAssetDB has modification time of '2026-04-30T08:17:48.3142006Z' while content on disk has modification time of '2026-04-30T08:18:04.771814Z'
Number of updated asset objects reloaded before import = 0Number of asset objects unloaded after import = 0

========================================================================
Received Import Request.
  Time since last request: 0.000021 seconds.
  path: Assets/Scripts/PlayerMovement.cs
  artifactKey: Guid(8545053624fa6154e898d2f2d4ce849a) Importer(815301076,1909f56bfc062723c751e8b465ee728b)
Start importing Assets/Scripts/PlayerMovement.cs using Guid(8545053624fa6154e898d2f2d4ce849a) Importer(815301076,1909f56bfc062723c751e8b465ee728b) (PreviewImporter) -> (artifact id: '00000000000000000000000000000000') in 0.000647 seconds
Import Error Code:(4)
Message: Build asset version error: assets/scripts/playermovement.cs in SourceAssetDB has modification time of '2026-04-30T08:17:48.3142006Z' while content on disk has modification time of '2026-04-30T08:18:04.771814Z'
  ERROR: Build asset version error: assets/scripts/playermovement.cs in SourceAssetDB has modification time of '2026-04-30T08:17:48.3142006Z' while content on disk has modification time of '2026-04-30T08:18:04.771814Z'
Number of updated asset objects reloaded before import = 0Number of asset objects unloaded after import = 0

========================================================================
Received Import Request.
  Time since last request: 0.000021 seconds.
  path: Assets/Scripts/PlayerMovement.cs
  artifactKey: Guid(8545053624fa6154e898d2f2d4ce849a) Importer(815301076,1909f56bfc062723c751e8b465ee728b)
Start importing Assets/Scripts/PlayerMovement.cs using Guid(8545053624fa6154e898d2f2d4ce849a) Importer(815301076,1909f56bfc062723c751e8b465ee728b) (PreviewImporter) -> (artifact id: '00000000000000000000000000000000') in 0.0006632 seconds
Import Error Code:(4)
Message: Build asset version error: assets/scripts/playermovement.cs in SourceAssetDB has modification time of '2026-04-30T08:17:48.3142006Z' while content on disk has modification time of '2026-04-30T08:18:04.771814Z'
  ERROR: Build asset version error: assets/scripts/playermovement.cs in SourceAssetDB has modification time of '2026-04-30T08:17:48.3142006Z' while content on disk has modification time of '2026-04-30T08:18:04.771814Z'
Number of updated asset objects reloaded before import = 0Number of asset objects unloaded after import = 0

========================================================================
Received Import Request.
  Time since last request: 0.000017 seconds.
  path: Assets/Scripts/PlayerMovement.cs
  artifactKey: Guid(8545053624fa6154e898d2f2d4ce849a) Importer(815301076,1909f56bfc062723c751e8b465ee728b)
Start importing Assets/Scripts/PlayerMovement.cs using Guid(8545053624fa6154e898d2f2d4ce849a) Importer(815301076,1909f56bfc062723c751e8b465ee728b) (PreviewImporter) -> (artifact id: '00000000000000000000000000000000') in 0.0006682 seconds
Import Error Code:(4)
Message: Build asset version error: assets/scripts/playermovement.cs in SourceAssetDB has modification time of '2026-04-30T08:17:48.3142006Z' while content on disk has modification time of '2026-04-30T08:18:04.771814Z'
  ERROR: Build asset version error: assets/scripts/playermovement.cs in SourceAssetDB has modification time of '2026-04-30T08:17:48.3142006Z' while content on disk has modification time of '2026-04-30T08:18:04.771814Z'
Number of updated asset objects reloaded before import = 0Number of asset objects unloaded after import = 0

========================================================================
Received Import Request.
  Time since last request: 0.000023 seconds.
  path: Assets/Scripts/PlayerMovement.cs
  artifactKey: Guid(8545053624fa6154e898d2f2d4ce849a) Importer(815301076,1909f56bfc062723c751e8b465ee728b)
Start importing Assets/Scripts/PlayerMovement.cs using Guid(8545053624fa6154e898d2f2d4ce849a) Importer(815301076,1909f56bfc062723c751e8b465ee728b) (PreviewImporter) -> (artifact id: '00000000000000000000000000000000') in 0.0005695 seconds
Import Error Code:(4)
Message: Build asset version error: assets/scripts/playermovement.cs in SourceAssetDB has modification time of '2026-04-30T08:17:48.3142006Z' while content on disk has modification time of '2026-04-30T08:18:04.771814Z'
  ERROR: Build asset version error: assets/scripts/playermovement.cs in SourceAssetDB has modification time of '2026-04-30T08:17:48.3142006Z' while content on disk has modification time of '2026-04-30T08:18:04.771814Z'
Number of updated asset objects reloaded before import = 0Number of asset objects unloaded after import = 0

========================================================================
Received Import Request.
  Time since last request: 0.000031 seconds.
  path: Assets/Scripts/PlayerMovement.cs
  artifactKey: Guid(8545053624fa6154e898d2f2d4ce849a) Importer(815301076,1909f56bfc062723c751e8b465ee728b)
Start importing Assets/Scripts/PlayerMovement.cs using Guid(8545053624fa6154e898d2f2d4ce849a) Importer(815301076,1909f56bfc062723c751e8b465ee728b) (PreviewImporter) -> (artifact id: '00000000000000000000000000000000') in 0.0006085 seconds
Import Error Code:(4)
Message: Build asset version error: assets/scripts/playermovement.cs in SourceAssetDB has modification time of '2026-04-30T08:17:48.3142006Z' while content on disk has modification time of '2026-04-30T08:18:04.771814Z'
  ERROR: Build asset version error: assets/scripts/playermovement.cs in SourceAssetDB has modification time of '2026-04-30T08:17:48.3142006Z' while content on disk has modification time of '2026-04-30T08:18:04.771814Z'
Number of updated asset objects reloaded before import = 0Number of asset objects unloaded after import = 0

========================================================================
Received Import Request.
  Time since last request: 0.000014 seconds.
  path: Assets/Scripts/PlayerMovement.cs
  artifactKey: Guid(8545053624fa6154e898d2f2d4ce849a) Importer(815301076,1909f56bfc062723c751e8b465ee728b)
Start importing Assets/Scripts/PlayerMovement.cs using Guid(8545053624fa6154e898d2f2d4ce849a) Importer(815301076,1909f56bfc062723c751e8b465ee728b) (PreviewImporter) -> (artifact id: '00000000000000000000000000000000') in 0.0004487 seconds
Import Error Code:(4)
Message: Build asset version error: assets/scripts/playermovement.cs in SourceAssetDB has modification time of '2026-04-30T08:17:48.3142006Z' while content on disk has modification time of '2026-04-30T08:18:04.771814Z'
  ERROR: Build asset version error: assets/scripts/playermovement.cs in SourceAssetDB has modification time of '2026-04-30T08:17:48.3142006Z' while content on disk has modification time of '2026-04-30T08:18:04.771814Z'
Number of updated asset objects reloaded before import = 0Number of asset objects unloaded after import = 0

========================================================================
Received Import Request.
  Time since last request: 0.000018 seconds.
  path: Assets/Scripts/PlayerMovement.cs
  artifactKey: Guid(8545053624fa6154e898d2f2d4ce849a) Importer(815301076,1909f56bfc062723c751e8b465ee728b)
Start importing Assets/Scripts/PlayerMovement.cs using Guid(8545053624fa6154e898d2f2d4ce849a) Importer(815301076,1909f56bfc062723c751e8b465ee728b) (PreviewImporter) -> (artifact id: '00000000000000000000000000000000') in 0.0006592 seconds
Import Error Code:(4)
Message: Build asset version error: assets/scripts/playermovement.cs in SourceAssetDB has modification time of '2026-04-30T08:17:48.3142006Z' while content on disk has modification time of '2026-04-30T08:18:04.771814Z'
  ERROR: Build asset version error: assets/scripts/playermovement.cs in SourceAssetDB has modification time of '2026-04-30T08:17:48.3142006Z' while content on disk has modification time of '2026-04-30T08:18:04.771814Z'
Number of updated asset objects reloaded before import = 0Number of asset objects unloaded after import = 0

========================================================================
Received Import Request.
  Time since last request: 0.000017 seconds.
  path: Assets/Scripts/PlayerMovement.cs
  artifactKey: Guid(8545053624fa6154e898d2f2d4ce849a) Importer(815301076,1909f56bfc062723c751e8b465ee728b)
Start importing Assets/Scripts/PlayerMovement.cs using Guid(8545053624fa6154e898d2f2d4ce849a) Importer(815301076,1909f56bfc062723c751e8b465ee728b) (PreviewImporter) -> (artifact id: '00000000000000000000000000000000') in 0.0006591 seconds
Import Error Code:(4)
Message: Build asset version error: assets/scripts/playermovement.cs in SourceAssetDB has modification time of '2026-04-30T08:17:48.3142006Z' while content on disk has modification time of '2026-04-30T08:18:04.771814Z'
  ERROR: Build asset version error: assets/scripts/playermovement.cs in SourceAssetDB has modification time of '2026-04-30T08:17:48.3142006Z' while content on disk has modification time of '2026-04-30T08:18:04.771814Z'
Number of updated asset objects reloaded before import = 0Number of asset objects unloaded after import = 0

========================================================================
Received Import Request.
  Time since last request: 0.000019 seconds.
  path: Assets/Scripts/PlayerMovement.cs
  artifactKey: Guid(8545053624fa6154e898d2f2d4ce849a) Importer(815301076,1909f56bfc062723c751e8b465ee728b)
Start importing Assets/Scripts/PlayerMovement.cs using Guid(8545053624fa6154e898d2f2d4ce849a) Importer(815301076,1909f56bfc062723c751e8b465ee728b) (PreviewImporter) -> (artifact id: '00000000000000000000000000000000') in 0.0005985 seconds
Import Error Code:(4)
Message: Build asset version error: assets/scripts/playermovement.cs in SourceAssetDB has modification time of '2026-04-30T08:17:48.3142006Z' while content on disk has modification time of '2026-04-30T08:18:04.771814Z'
  ERROR: Build asset version error: assets/scripts/playermovement.cs in SourceAssetDB has modification time of '2026-04-30T08:17:48.3142006Z' while content on disk has modification time of '2026-04-30T08:18:04.771814Z'
Number of updated asset objects reloaded before import = 0Number of asset objects unloaded after import = 0

========================================================================
Received Import Request.
  Time since last request: 0.000036 seconds.
  path: Assets/Scripts/PlayerMovement.cs
  artifactKey: Guid(8545053624fa6154e898d2f2d4ce849a) Importer(815301076,1909f56bfc062723c751e8b465ee728b)
Start importing Assets/Scripts/PlayerMovement.cs using Guid(8545053624fa6154e898d2f2d4ce849a) Importer(815301076,1909f56bfc062723c751e8b465ee728b) (PreviewImporter) -> (artifact id: '00000000000000000000000000000000') in 0.0007108 seconds
Import Error Code:(4)
Message: Build asset version error: assets/scripts/playermovement.cs in SourceAssetDB has modification time of '2026-04-30T08:17:48.3142006Z' while content on disk has modification time of '2026-04-30T08:18:04.771814Z'
  ERROR: Build asset version error: assets/scripts/playermovement.cs in SourceAssetDB has modification time of '2026-04-30T08:17:48.3142006Z' while content on disk has modification time of '2026-04-30T08:18:04.771814Z'
Number of updated asset objects reloaded before import = 0Number of asset objects unloaded after import = 0

========================================================================
Received Import Request.
  Time since last request: 0.000018 seconds.
  path: Assets/Scripts/PlayerMovement.cs
  artifactKey: Guid(8545053624fa6154e898d2f2d4ce849a) Importer(815301076,1909f56bfc062723c751e8b465ee728b)
Start importing Assets/Scripts/PlayerMovement.cs using Guid(8545053624fa6154e898d2f2d4ce849a) Importer(815301076,1909f56bfc062723c751e8b465ee728b) (PreviewImporter) -> (artifact id: '00000000000000000000000000000000') in 0.0006352 seconds
Import Error Code:(4)
Message: Build asset version error: assets/scripts/playermovement.cs in SourceAssetDB has modification time of '2026-04-30T08:17:48.3142006Z' while content on disk has modification time of '2026-04-30T08:18:04.771814Z'
  ERROR: Build asset version error: assets/scripts/playermovement.cs in SourceAssetDB has modification time of '2026-04-30T08:17:48.3142006Z' while content on disk has modification time of '2026-04-30T08:18:04.771814Z'
Number of updated asset objects reloaded before import = 0Number of asset objects unloaded after import = 0

========================================================================
Received Import Request.
  Time since last request: 0.000017 seconds.
  path: Assets/Scripts/PlayerMovement.cs
  artifactKey: Guid(8545053624fa6154e898d2f2d4ce849a) Importer(815301076,1909f56bfc062723c751e8b465ee728b)
Start importing Assets/Scripts/PlayerMovement.cs using Guid(8545053624fa6154e898d2f2d4ce849a) Importer(815301076,1909f56bfc062723c751e8b465ee728b) (PreviewImporter) -> (artifact id: '00000000000000000000000000000000') in 0.0006835 seconds
Import Error Code:(4)
Message: Build asset version error: assets/scripts/playermovement.cs in SourceAssetDB has modification time of '2026-04-30T08:17:48.3142006Z' while content on disk has modification time of '2026-04-30T08:18:04.771814Z'
  ERROR: Build asset version error: assets/scripts/playermovement.cs in SourceAssetDB has modification time of '2026-04-30T08:17:48.3142006Z' while content on disk has modification time of '2026-04-30T08:18:04.771814Z'
Number of updated asset objects reloaded before import = 0Number of asset objects unloaded after import = 0

========================================================================
Received Import Request.
  Time since last request: 0.000019 seconds.
  path: Assets/Scripts/PlayerMovement.cs
  artifactKey: Guid(8545053624fa6154e898d2f2d4ce849a) Importer(815301076,1909f56bfc062723c751e8b465ee728b)
Start importing Assets/Scripts/PlayerMovement.cs using Guid(8545053624fa6154e898d2f2d4ce849a) Importer(815301076,1909f56bfc062723c751e8b465ee728b) (PreviewImporter) -> (artifact id: '00000000000000000000000000000000') in 0.0005015 seconds
Import Error Code:(4)
Message: Build asset version error: assets/scripts/playermovement.cs in SourceAssetDB has modification time of '2026-04-30T08:17:48.3142006Z' while content on disk has modification time of '2026-04-30T08:18:04.771814Z'
  ERROR: Build asset version error: assets/scripts/playermovement.cs in SourceAssetDB has modification time of '2026-04-30T08:17:48.3142006Z' while content on disk has modification time of '2026-04-30T08:18:04.771814Z'
Number of updated asset objects reloaded before import = 0Number of asset objects unloaded after import = 0

========================================================================
Received Import Request.
  Time since last request: 0.000076 seconds.
  path: Assets/Scripts/PlayerMovement.cs
  artifactKey: Guid(8545053624fa6154e898d2f2d4ce849a) Importer(815301076,1909f56bfc062723c751e8b465ee728b)
Start importing Assets/Scripts/PlayerMovement.cs using Guid(8545053624fa6154e898d2f2d4ce849a) Importer(815301076,1909f56bfc062723c751e8b465ee728b) (PreviewImporter) -> (artifact id: '00000000000000000000000000000000') in 0.0005618 seconds
Import Error Code:(4)
Message: Build asset version error: assets/scripts/playermovement.cs in SourceAssetDB has modification time of '2026-04-30T08:17:48.3142006Z' while content on disk has modification time of '2026-04-30T08:18:04.771814Z'
  ERROR: Build asset version error: assets/scripts/playermovement.cs in SourceAssetDB has modification time of '2026-04-30T08:17:48.3142006Z' while content on disk has modification time of '2026-04-30T08:18:04.771814Z'
Number of updated asset objects reloaded before import = 0Number of asset objects unloaded after import = 0

========================================================================
Received Import Request.
  Time since last request: 0.000030 seconds.
  path: Assets/Scripts/PlayerMovement.cs
  artifactKey: Guid(8545053624fa6154e898d2f2d4ce849a) Importer(815301076,1909f56bfc062723c751e8b465ee728b)
Start importing Assets/Scripts/PlayerMovement.cs using Guid(8545053624fa6154e898d2f2d4ce849a) Importer(815301076,1909f56bfc062723c751e8b465ee728b) (PreviewImporter) -> (artifact id: '00000000000000000000000000000000') in 0.0005133 seconds
Import Error Code:(4)
Message: Build asset version error: assets/scripts/playermovement.cs in SourceAssetDB has modification time of '2026-04-30T08:17:48.3142006Z' while content on disk has modification time of '2026-04-30T08:18:04.771814Z'
  ERROR: Build asset version error: assets/scripts/playermovement.cs in SourceAssetDB has modification time of '2026-04-30T08:17:48.3142006Z' while content on disk has modification time of '2026-04-30T08:18:04.771814Z'
Number of updated asset objects reloaded before import = 0Number of asset objects unloaded after import = 0

========================================================================
Received Import Request.
  Time since last request: 0.000014 seconds.
  path: Assets/Scripts/PlayerMovement.cs
  artifactKey: Guid(8545053624fa6154e898d2f2d4ce849a) Importer(815301076,1909f56bfc062723c751e8b465ee728b)
Start importing Assets/Scripts/PlayerMovement.cs using Guid(8545053624fa6154e898d2f2d4ce849a) Importer(815301076,1909f56bfc062723c751e8b465ee728b) (PreviewImporter) -> (artifact id: '00000000000000000000000000000000') in 0.0005432 seconds
Import Error Code:(4)
Message: Build asset version error: assets/scripts/playermovement.cs in SourceAssetDB has modification time of '2026-04-30T08:17:48.3142006Z' while content on disk has modification time of '2026-04-30T08:18:04.771814Z'
  ERROR: Build asset version error: assets/scripts/playermovement.cs in SourceAssetDB has modification time of '2026-04-30T08:17:48.3142006Z' while content on disk has modification time of '2026-04-30T08:18:04.771814Z'
Number of updated asset objects reloaded before import = 0Number of asset objects unloaded after import = 0

========================================================================
Received Import Request.
  Time since last request: 0.000018 seconds.
  path: Assets/Scripts/PlayerMovement.cs
  artifactKey: Guid(8545053624fa6154e898d2f2d4ce849a) Importer(815301076,1909f56bfc062723c751e8b465ee728b)
Start importing Assets/Scripts/PlayerMovement.cs using Guid(8545053624fa6154e898d2f2d4ce849a) Importer(815301076,1909f56bfc062723c751e8b465ee728b) (PreviewImporter) -> (artifact id: '00000000000000000000000000000000') in 0.0006999 seconds
Import Error Code:(4)
Message: Build asset version error: assets/scripts/playermovement.cs in SourceAssetDB has modification time of '2026-04-30T08:17:48.3142006Z' while content on disk has modification time of '2026-04-30T08:18:04.771814Z'
  ERROR: Build asset version error: assets/scripts/playermovement.cs in SourceAssetDB has modification time of '2026-04-30T08:17:48.3142006Z' while content on disk has modification time of '2026-04-30T08:18:04.771814Z'
Number of updated asset objects reloaded before import = 0Number of asset objects unloaded after import = 0

========================================================================
Received Import Request.
  Time since last request: 0.000017 seconds.
  path: Assets/Scripts/PlayerMovement.cs
  artifactKey: Guid(8545053624fa6154e898d2f2d4ce849a) Importer(815301076,1909f56bfc062723c751e8b465ee728b)
Start importing Assets/Scripts/PlayerMovement.cs using Guid(8545053624fa6154e898d2f2d4ce849a) Importer(815301076,1909f56bfc062723c751e8b465ee728b) (PreviewImporter) -> (artifact id: '00000000000000000000000000000000') in 0.0007039 seconds
Import Error Code:(4)
Message: Build asset version error: assets/scripts/playermovement.cs in SourceAssetDB has modification time of '2026-04-30T08:17:48.3142006Z' while content on disk has modification time of '2026-04-30T08:18:04.771814Z'
  ERROR: Build asset version error: assets/scripts/playermovement.cs in SourceAssetDB has modification time of '2026-04-30T08:17:48.3142006Z' while content on disk has modification time of '2026-04-30T08:18:04.771814Z'
Number of updated asset objects reloaded before import = 0Number of asset objects unloaded after import = 0

========================================================================
Received Import Request.
  Time since last request: 0.000022 seconds.
  path: Assets/Scripts/PlayerMovement.cs
  artifactKey: Guid(8545053624fa6154e898d2f2d4ce849a) Importer(815301076,1909f56bfc062723c751e8b465ee728b)
Start importing Assets/Scripts/PlayerMovement.cs using Guid(8545053624fa6154e898d2f2d4ce849a) Importer(815301076,1909f56bfc062723c751e8b465ee728b) (PreviewImporter) -> (artifact id: '00000000000000000000000000000000') in 0.0006451 seconds
Import Error Code:(4)
Message: Build asset version error: assets/scripts/playermovement.cs in SourceAssetDB has modification time of '2026-04-30T08:17:48.3142006Z' while content on disk has modification time of '2026-04-30T08:18:04.771814Z'
  ERROR: Build asset version error: assets/scripts/playermovement.cs in SourceAssetDB has modification time of '2026-04-30T08:17:48.3142006Z' while content on disk has modification time of '2026-04-30T08:18:04.771814Z'
Number of updated asset objects reloaded before import = 0Number of asset objects unloaded after import = 0

========================================================================
Received Import Request.
  Time since last request: 0.000032 seconds.
  path: Assets/Scripts/PlayerMovement.cs
  artifactKey: Guid(8545053624fa6154e898d2f2d4ce849a) Importer(815301076,1909f56bfc062723c751e8b465ee728b)
Start importing Assets/Scripts/PlayerMovement.cs using Guid(8545053624fa6154e898d2f2d4ce849a) Importer(815301076,1909f56bfc062723c751e8b465ee728b) (PreviewImporter) -> (artifact id: '00000000000000000000000000000000') in 0.0007296 seconds
Import Error Code:(4)
Message: Build asset version error: assets/scripts/playermovement.cs in SourceAssetDB has modification time of '2026-04-30T08:17:48.3142006Z' while content on disk has modification time of '2026-04-30T08:18:04.771814Z'
  ERROR: Build asset version error: assets/scripts/playermovement.cs in SourceAssetDB has modification time of '2026-04-30T08:17:48.3142006Z' while content on disk has modification time of '2026-04-30T08:18:04.771814Z'
Number of updated asset objects reloaded before import = 0Number of asset objects unloaded after import = 0

========================================================================
Received Import Request.
  Time since last request: 0.000015 seconds.
  path: Assets/Scripts/PlayerMovement.cs
  artifactKey: Guid(8545053624fa6154e898d2f2d4ce849a) Importer(815301076,1909f56bfc062723c751e8b465ee728b)
Start importing Assets/Scripts/PlayerMovement.cs using Guid(8545053624fa6154e898d2f2d4ce849a) Importer(815301076,1909f56bfc062723c751e8b465ee728b) (PreviewImporter) -> (artifact id: '00000000000000000000000000000000') in 0.0006262 seconds
Import Error Code:(4)
Message: Build asset version error: assets/scripts/playermovement.cs in SourceAssetDB has modification time of '2026-04-30T08:17:48.3142006Z' while content on disk has modification time of '2026-04-30T08:18:04.771814Z'
  ERROR: Build asset version error: assets/scripts/playermovement.cs in SourceAssetDB has modification time of '2026-04-30T08:17:48.3142006Z' while content on disk has modification time of '2026-04-30T08:18:04.771814Z'
Number of updated asset objects reloaded before import = 0Number of asset objects unloaded after import = 0

========================================================================
Received Import Request.
  Time since last request: 0.000019 seconds.
  path: Assets/Scripts/PlayerMovement.cs
  artifactKey: Guid(8545053624fa6154e898d2f2d4ce849a) Importer(815301076,1909f56bfc062723c751e8b465ee728b)
Start importing Assets/Scripts/PlayerMovement.cs using Guid(8545053624fa6154e898d2f2d4ce849a) Importer(815301076,1909f56bfc062723c751e8b465ee728b) (PreviewImporter) -> (artifact id: '00000000000000000000000000000000') in 0.0006324 seconds
Import Error Code:(4)
Message: Build asset version error: assets/scripts/playermovement.cs in SourceAssetDB has modification time of '2026-04-30T08:17:48.3142006Z' while content on disk has modification time of '2026-04-30T08:18:04.771814Z'
  ERROR: Build asset version error: assets/scripts/playermovement.cs in SourceAssetDB has modification time of '2026-04-30T08:17:48.3142006Z' while content on disk has modification time of '2026-04-30T08:18:04.771814Z'
Number of updated asset objects reloaded before import = 0Number of asset objects unloaded after import = 0

========================================================================
Received Import Request.
  Time since last request: 0.000019 seconds.
  path: Assets/Scripts/PlayerMovement.cs
  artifactKey: Guid(8545053624fa6154e898d2f2d4ce849a) Importer(815301076,1909f56bfc062723c751e8b465ee728b)
Start importing Assets/Scripts/PlayerMovement.cs using Guid(8545053624fa6154e898d2f2d4ce849a) Importer(815301076,1909f56bfc062723c751e8b465ee728b) (PreviewImporter) -> (artifact id: '00000000000000000000000000000000') in 0.0006553 seconds
Import Error Code:(4)
Message: Build asset version error: assets/scripts/playermovement.cs in SourceAssetDB has modification time of '2026-04-30T08:17:48.3142006Z' while content on disk has modification time of '2026-04-30T08:18:04.771814Z'
  ERROR: Build asset version error: assets/scripts/playermovement.cs in SourceAssetDB has modification time of '2026-04-30T08:17:48.3142006Z' while content on disk has modification time of '2026-04-30T08:18:04.771814Z'
Number of updated asset objects reloaded before import = 0Number of asset objects unloaded after import = 0

========================================================================
Received Import Request.
  Time since last request: 0.000026 seconds.
  path: Assets/Scripts/PlayerMovement.cs
  artifactKey: Guid(8545053624fa6154e898d2f2d4ce849a) Importer(815301076,1909f56bfc062723c751e8b465ee728b)
Start importing Assets/Scripts/PlayerMovement.cs using Guid(8545053624fa6154e898d2f2d4ce849a) Importer(815301076,1909f56bfc062723c751e8b465ee728b) (PreviewImporter) -> (artifact id: '00000000000000000000000000000000') in 0.0006245 seconds
Import Error Code:(4)
Message: Build asset version error: assets/scripts/playermovement.cs in SourceAssetDB has modification time of '2026-04-30T08:17:48.3142006Z' while content on disk has modification time of '2026-04-30T08:18:04.771814Z'
  ERROR: Build asset version error: assets/scripts/playermovement.cs in SourceAssetDB has modification time of '2026-04-30T08:17:48.3142006Z' while content on disk has modification time of '2026-04-30T08:18:04.771814Z'
Number of updated asset objects reloaded before import = 0Number of asset objects unloaded after import = 0

========================================================================
Received Import Request.
  Time since last request: 0.000033 seconds.
  path: Assets/Scripts/PlayerMovement.cs
  artifactKey: Guid(8545053624fa6154e898d2f2d4ce849a) Importer(815301076,1909f56bfc062723c751e8b465ee728b)
Start importing Assets/Scripts/PlayerMovement.cs using Guid(8545053624fa6154e898d2f2d4ce849a) Importer(815301076,1909f56bfc062723c751e8b465ee728b) (PreviewImporter) -> (artifact id: '00000000000000000000000000000000') in 0.0006169 seconds
Import Error Code:(4)
Message: Build asset version error: assets/scripts/playermovement.cs in SourceAssetDB has modification time of '2026-04-30T08:17:48.3142006Z' while content on disk has modification time of '2026-04-30T08:18:04.771814Z'
  ERROR: Build asset version error: assets/scripts/playermovement.cs in SourceAssetDB has modification time of '2026-04-30T08:17:48.3142006Z' while content on disk has modification time of '2026-04-30T08:18:04.771814Z'
Number of updated asset objects reloaded before import = 0Number of asset objects unloaded after import = 0

========================================================================
Received Import Request.
  Time since last request: 0.000019 seconds.
  path: Assets/Scripts/PlayerMovement.cs
  artifactKey: Guid(8545053624fa6154e898d2f2d4ce849a) Importer(815301076,1909f56bfc062723c751e8b465ee728b)
Start importing Assets/Scripts/PlayerMovement.cs using Guid(8545053624fa6154e898d2f2d4ce849a) Importer(815301076,1909f56bfc062723c751e8b465ee728b) (PreviewImporter) -> (artifact id: '00000000000000000000000000000000') in 0.000641 seconds
Import Error Code:(4)
Message: Build asset version error: assets/scripts/playermovement.cs in SourceAssetDB has modification time of '2026-04-30T08:17:48.3142006Z' while content on disk has modification time of '2026-04-30T08:18:04.771814Z'
  ERROR: Build asset version error: assets/scripts/playermovement.cs in SourceAssetDB has modification time of '2026-04-30T08:17:48.3142006Z' while content on disk has modification time of '2026-04-30T08:18:04.771814Z'
Number of updated asset objects reloaded before import = 0Number of asset objects unloaded after import = 0

========================================================================
Received Import Request.
  Time since last request: 0.000020 seconds.
  path: Assets/Scripts/PlayerMovement.cs
  artifactKey: Guid(8545053624fa6154e898d2f2d4ce849a) Importer(815301076,1909f56bfc062723c751e8b465ee728b)
Start importing Assets/Scripts/PlayerMovement.cs using Guid(8545053624fa6154e898d2f2d4ce849a) Importer(815301076,1909f56bfc062723c751e8b465ee728b) (PreviewImporter) -> (artifact id: '00000000000000000000000000000000') in 0.0007375 seconds
Import Error Code:(4)
Message: Build asset version error: assets/scripts/playermovement.cs in SourceAssetDB has modification time of '2026-04-30T08:17:48.3142006Z' while content on disk has modification time of '2026-04-30T08:18:04.771814Z'
  ERROR: Build asset version error: assets/scripts/playermovement.cs in SourceAssetDB has modification time of '2026-04-30T08:17:48.3142006Z' while content on disk has modification time of '2026-04-30T08:18:04.771814Z'
Number of updated asset objects reloaded before import = 0Number of asset objects unloaded after import = 0

========================================================================
Received Import Request.
  Time since last request: 0.000020 seconds.
  path: Assets/Scripts/PlayerMovement.cs
  artifactKey: Guid(8545053624fa6154e898d2f2d4ce849a) Importer(815301076,1909f56bfc062723c751e8b465ee728b)
Start importing Assets/Scripts/PlayerMovement.cs using Guid(8545053624fa6154e898d2f2d4ce849a) Importer(815301076,1909f56bfc062723c751e8b465ee728b) (PreviewImporter) -> (artifact id: '00000000000000000000000000000000') in 0.0005272 seconds
Import Error Code:(4)
Message: Build asset version error: assets/scripts/playermovement.cs in SourceAssetDB has modification time of '2026-04-30T08:17:48.3142006Z' while content on disk has modification time of '2026-04-30T08:18:04.771814Z'
  ERROR: Build asset version error: assets/scripts/playermovement.cs in SourceAssetDB has modification time of '2026-04-30T08:17:48.3142006Z' while content on disk has modification time of '2026-04-30T08:18:04.771814Z'
Number of updated asset objects reloaded before import = 0Number of asset objects unloaded after import = 0

========================================================================
Received Import Request.
  Time since last request: 0.000021 seconds.
  path: Assets/Scripts/PlayerMovement.cs
  artifactKey: Guid(8545053624fa6154e898d2f2d4ce849a) Importer(815301076,1909f56bfc062723c751e8b465ee728b)
Start importing Assets/Scripts/PlayerMovement.cs using Guid(8545053624fa6154e898d2f2d4ce849a) Importer(815301076,1909f56bfc062723c751e8b465ee728b) (PreviewImporter) -> (artifact id: '00000000000000000000000000000000') in 0.0005937 seconds
Import Error Code:(4)
Message: Build asset version error: assets/scripts/playermovement.cs in SourceAssetDB has modification time of '2026-04-30T08:17:48.3142006Z' while content on disk has modification time of '2026-04-30T08:18:04.771814Z'
  ERROR: Build asset version error: assets/scripts/playermovement.cs in SourceAssetDB has modification time of '2026-04-30T08:17:48.3142006Z' while content on disk has modification time of '2026-04-30T08:18:04.771814Z'
Number of updated asset objects reloaded before import = 0Number of asset objects unloaded after import = 0

========================================================================
Received Import Request.
  Time since last request: 0.000031 seconds.
  path: Assets/Scripts/PlayerMovement.cs
  artifactKey: Guid(8545053624fa6154e898d2f2d4ce849a) Importer(815301076,1909f56bfc062723c751e8b465ee728b)
Start importing Assets/Scripts/PlayerMovement.cs using Guid(8545053624fa6154e898d2f2d4ce849a) Importer(815301076,1909f56bfc062723c751e8b465ee728b) (PreviewImporter) -> (artifact id: '00000000000000000000000000000000') in 0.0006525 seconds
Import Error Code:(4)
Message: Build asset version error: assets/scripts/playermovement.cs in SourceAssetDB has modification time of '2026-04-30T08:17:48.3142006Z' while content on disk has modification time of '2026-04-30T08:18:04.771814Z'
  ERROR: Build asset version error: assets/scripts/playermovement.cs in SourceAssetDB has modification time of '2026-04-30T08:17:48.3142006Z' while content on disk has modification time of '2026-04-30T08:18:04.771814Z'
Number of updated asset objects reloaded before import = 0Number of asset objects unloaded after import = 0

========================================================================
Received Import Request.
  Time since last request: 0.000020 seconds.
  path: Assets/Scripts/PlayerMovement.cs
  artifactKey: Guid(8545053624fa6154e898d2f2d4ce849a) Importer(815301076,1909f56bfc062723c751e8b465ee728b)
Start importing Assets/Scripts/PlayerMovement.cs using Guid(8545053624fa6154e898d2f2d4ce849a) Importer(815301076,1909f56bfc062723c751e8b465ee728b) (PreviewImporter) -> (artifact id: '00000000000000000000000000000000') in 0.0006323 seconds
Import Error Code:(4)
Message: Build asset version error: assets/scripts/playermovement.cs in SourceAssetDB has modification time of '2026-04-30T08:17:48.3142006Z' while content on disk has modification time of '2026-04-30T08:18:04.771814Z'
  ERROR: Build asset version error: assets/scripts/playermovement.cs in SourceAssetDB has modification time of '2026-04-30T08:17:48.3142006Z' while content on disk has modification time of '2026-04-30T08:18:04.771814Z'
Number of updated asset objects reloaded before import = 0Number of asset objects unloaded after import = 0

========================================================================
Received Import Request.
  Time since last request: 0.000013 seconds.
  path: Assets/Scripts/PlayerMovement.cs
  artifactKey: Guid(8545053624fa6154e898d2f2d4ce849a) Importer(815301076,1909f56bfc062723c751e8b465ee728b)
Start importing Assets/Scripts/PlayerMovement.cs using Guid(8545053624fa6154e898d2f2d4ce849a) Importer(815301076,1909f56bfc062723c751e8b465ee728b) (PreviewImporter) -> (artifact id: '00000000000000000000000000000000') in 0.0004277 seconds
Import Error Code:(4)
Message: Build asset version error: assets/scripts/playermovement.cs in SourceAssetDB has modification time of '2026-04-30T08:17:48.3142006Z' while content on disk has modification time of '2026-04-30T08:18:04.771814Z'
  ERROR: Build asset version error: assets/scripts/playermovement.cs in SourceAssetDB has modification time of '2026-04-30T08:17:48.3142006Z' while content on disk has modification time of '2026-04-30T08:18:04.771814Z'
Number of updated asset objects reloaded before import = 0Number of asset objects unloaded after import = 0

========================================================================
Received Import Request.
  Time since last request: 0.000016 seconds.
  path: Assets/Scripts/PlayerMovement.cs
  artifactKey: Guid(8545053624fa6154e898d2f2d4ce849a) Importer(815301076,1909f56bfc062723c751e8b465ee728b)
Start importing Assets/Scripts/PlayerMovement.cs using Guid(8545053624fa6154e898d2f2d4ce849a) Importer(815301076,1909f56bfc062723c751e8b465ee728b) (PreviewImporter) -> (artifact id: '00000000000000000000000000000000') in 0.0004977 seconds
Import Error Code:(4)
Message: Build asset version error: assets/scripts/playermovement.cs in SourceAssetDB has modification time of '2026-04-30T08:17:48.3142006Z' while content on disk has modification time of '2026-04-30T08:18:04.771814Z'
  ERROR: Build asset version error: assets/scripts/playermovement.cs in SourceAssetDB has modification time of '2026-04-30T08:17:48.3142006Z' while content on disk has modification time of '2026-04-30T08:18:04.771814Z'
Number of updated asset objects reloaded before import = 0Number of asset objects unloaded after import = 0

========================================================================
Received Import Request.
  Time since last request: 0.000023 seconds.
  path: Assets/Scripts/PlayerMovement.cs
  artifactKey: Guid(8545053624fa6154e898d2f2d4ce849a) Importer(815301076,1909f56bfc062723c751e8b465ee728b)
Start importing Assets/Scripts/PlayerMovement.cs using Guid(8545053624fa6154e898d2f2d4ce849a) Importer(815301076,1909f56bfc062723c751e8b465ee728b) (PreviewImporter) -> (artifact id: '00000000000000000000000000000000') in 0.0006807 seconds
Import Error Code:(4)
Message: Build asset version error: assets/scripts/playermovement.cs in SourceAssetDB has modification time of '2026-04-30T08:17:48.3142006Z' while content on disk has modification time of '2026-04-30T08:18:04.771814Z'
  ERROR: Build asset version error: assets/scripts/playermovement.cs in SourceAssetDB has modification time of '2026-04-30T08:17:48.3142006Z' while content on disk has modification time of '2026-04-30T08:18:04.771814Z'
Number of updated asset objects reloaded before import = 0Number of asset objects unloaded after import = 0

========================================================================
Received Import Request.
  Time since last request: 0.000034 seconds.
  path: Assets/Scripts/PlayerMovement.cs
  artifactKey: Guid(8545053624fa6154e898d2f2d4ce849a) Importer(815301076,1909f56bfc062723c751e8b465ee728b)
Start importing Assets/Scripts/PlayerMovement.cs using Guid(8545053624fa6154e898d2f2d4ce849a) Importer(815301076,1909f56bfc062723c751e8b465ee728b) (PreviewImporter) -> (artifact id: '00000000000000000000000000000000') in 0.0006182 seconds
Import Error Code:(4)
Message: Build asset version error: assets/scripts/playermovement.cs in SourceAssetDB has modification time of '2026-04-30T08:17:48.3142006Z' while content on disk has modification time of '2026-04-30T08:18:04.771814Z'
  ERROR: Build asset version error: assets/scripts/playermovement.cs in SourceAssetDB has modification time of '2026-04-30T08:17:48.3142006Z' while content on disk has modification time of '2026-04-30T08:18:04.771814Z'
Number of updated asset objects reloaded before import = 0Number of asset objects unloaded after import = 0

========================================================================
Received Import Request.
  Time since last request: 0.000015 seconds.
  path: Assets/Scripts/PlayerMovement.cs
  artifactKey: Guid(8545053624fa6154e898d2f2d4ce849a) Importer(815301076,1909f56bfc062723c751e8b465ee728b)
Start importing Assets/Scripts/PlayerMovement.cs using Guid(8545053624fa6154e898d2f2d4ce849a) Importer(815301076,1909f56bfc062723c751e8b465ee728b) (PreviewImporter) -> (artifact id: '00000000000000000000000000000000') in 0.0004614 seconds
Import Error Code:(4)
Message: Build asset version error: assets/scripts/playermovement.cs in SourceAssetDB has modification time of '2026-04-30T08:17:48.3142006Z' while content on disk has modification time of '2026-04-30T08:18:04.771814Z'
  ERROR: Build asset version error: assets/scripts/playermovement.cs in SourceAssetDB has modification time of '2026-04-30T08:17:48.3142006Z' while content on disk has modification time of '2026-04-30T08:18:04.771814Z'
Number of updated asset objects reloaded before import = 0Number of asset objects unloaded after import = 0

========================================================================
Received Import Request.
  Time since last request: 0.000014 seconds.
  path: Assets/Scripts/PlayerMovement.cs
  artifactKey: Guid(8545053624fa6154e898d2f2d4ce849a) Importer(815301076,1909f56bfc062723c751e8b465ee728b)
Start importing Assets/Scripts/PlayerMovement.cs using Guid(8545053624fa6154e898d2f2d4ce849a) Importer(815301076,1909f56bfc062723c751e8b465ee728b) (PreviewImporter) -> (artifact id: '00000000000000000000000000000000') in 0.0005184 seconds
Import Error Code:(4)
Message: Build asset version error: assets/scripts/playermovement.cs in SourceAssetDB has modification time of '2026-04-30T08:17:48.3142006Z' while content on disk has modification time of '2026-04-30T08:18:04.771814Z'
  ERROR: Build asset version error: assets/scripts/playermovement.cs in SourceAssetDB has modification time of '2026-04-30T08:17:48.3142006Z' while content on disk has modification time of '2026-04-30T08:18:04.771814Z'
Number of updated asset objects reloaded before import = 0Number of asset objects unloaded after import = 0

========================================================================
Received Import Request.
  Time since last request: 0.000016 seconds.
  path: Assets/Scripts/PlayerMovement.cs
  artifactKey: Guid(8545053624fa6154e898d2f2d4ce849a) Importer(815301076,1909f56bfc062723c751e8b465ee728b)
Start importing Assets/Scripts/PlayerMovement.cs using Guid(8545053624fa6154e898d2f2d4ce849a) Importer(815301076,1909f56bfc062723c751e8b465ee728b) (PreviewImporter) -> (artifact id: '00000000000000000000000000000000') in 0.0005615 seconds
Import Error Code:(4)
Message: Build asset version error: assets/scripts/playermovement.cs in SourceAssetDB has modification time of '2026-04-30T08:17:48.3142006Z' while content on disk has modification time of '2026-04-30T08:18:04.771814Z'
  ERROR: Build asset version error: assets/scripts/playermovement.cs in SourceAssetDB has modification time of '2026-04-30T08:17:48.3142006Z' while content on disk has modification time of '2026-04-30T08:18:04.771814Z'
Number of updated asset objects reloaded before import = 0Number of asset objects unloaded after import = 0

========================================================================
Received Import Request.
  Time since last request: 0.000017 seconds.
  path: Assets/Scripts/PlayerMovement.cs
  artifactKey: Guid(8545053624fa6154e898d2f2d4ce849a) Importer(815301076,1909f56bfc062723c751e8b465ee728b)
Start importing Assets/Scripts/PlayerMovement.cs using Guid(8545053624fa6154e898d2f2d4ce849a) Importer(815301076,1909f56bfc062723c751e8b465ee728b) (PreviewImporter) -> (artifact id: '00000000000000000000000000000000') in 0.0006157 seconds
Import Error Code:(4)
Message: Build asset version error: assets/scripts/playermovement.cs in SourceAssetDB has modification time of '2026-04-30T08:17:48.3142006Z' while content on disk has modification time of '2026-04-30T08:18:04.771814Z'
  ERROR: Build asset version error: assets/scripts/playermovement.cs in SourceAssetDB has modification time of '2026-04-30T08:17:48.3142006Z' while content on disk has modification time of '2026-04-30T08:18:04.771814Z'
Number of updated asset objects reloaded before import = 0Number of asset objects unloaded after import = 0

========================================================================
Received Import Request.
  Time since last request: 0.000029 seconds.
  path: Assets/Scripts/PlayerMovement.cs
  artifactKey: Guid(8545053624fa6154e898d2f2d4ce849a) Importer(815301076,1909f56bfc062723c751e8b465ee728b)
Start importing Assets/Scripts/PlayerMovement.cs using Guid(8545053624fa6154e898d2f2d4ce849a) Importer(815301076,1909f56bfc062723c751e8b465ee728b) (PreviewImporter) -> (artifact id: '00000000000000000000000000000000') in 0.0006239 seconds
Import Error Code:(4)
Message: Build asset version error: assets/scripts/playermovement.cs in SourceAssetDB has modification time of '2026-04-30T08:17:48.3142006Z' while content on disk has modification time of '2026-04-30T08:18:04.771814Z'
  ERROR: Build asset version error: assets/scripts/playermovement.cs in SourceAssetDB has modification time of '2026-04-30T08:17:48.3142006Z' while content on disk has modification time of '2026-04-30T08:18:04.771814Z'
Number of updated asset objects reloaded before import = 0Number of asset objects unloaded after import = 0

========================================================================
Received Import Request.
  Time since last request: 0.000016 seconds.
  path: Assets/Scripts/PlayerMovement.cs
  artifactKey: Guid(8545053624fa6154e898d2f2d4ce849a) Importer(815301076,1909f56bfc062723c751e8b465ee728b)
Start importing Assets/Scripts/PlayerMovement.cs using Guid(8545053624fa6154e898d2f2d4ce849a) Importer(815301076,1909f56bfc062723c751e8b465ee728b) (PreviewImporter) -> (artifact id: '00000000000000000000000000000000') in 0.0006629 seconds
Import Error Code:(4)
Message: Build asset version error: assets/scripts/playermovement.cs in SourceAssetDB has modification time of '2026-04-30T08:17:48.3142006Z' while content on disk has modification time of '2026-04-30T08:18:04.771814Z'
  ERROR: Build asset version error: assets/scripts/playermovement.cs in SourceAssetDB has modification time of '2026-04-30T08:17:48.3142006Z' while content on disk has modification time of '2026-04-30T08:18:04.771814Z'
Number of updated asset objects reloaded before import = 0Number of asset objects unloaded after import = 0

========================================================================
Received Import Request.
  Time since last request: 0.000017 seconds.
  path: Assets/Scripts/PlayerMovement.cs
  artifactKey: Guid(8545053624fa6154e898d2f2d4ce849a) Importer(815301076,1909f56bfc062723c751e8b465ee728b)
Start importing Assets/Scripts/PlayerMovement.cs using Guid(8545053624fa6154e898d2f2d4ce849a) Importer(815301076,1909f56bfc062723c751e8b465ee728b) (PreviewImporter) -> (artifact id: '00000000000000000000000000000000') in 0.0005119 seconds
Import Error Code:(4)
Message: Build asset version error: assets/scripts/playermovement.cs in SourceAssetDB has modification time of '2026-04-30T08:17:48.3142006Z' while content on disk has modification time of '2026-04-30T08:18:04.771814Z'
  ERROR: Build asset version error: assets/scripts/playermovement.cs in SourceAssetDB has modification time of '2026-04-30T08:17:48.3142006Z' while content on disk has modification time of '2026-04-30T08:18:04.771814Z'
Number of updated asset objects reloaded before import = 0Number of asset objects unloaded after import = 0

========================================================================
Received Import Request.
  Time since last request: 0.000017 seconds.
  path: Assets/Scripts/PlayerMovement.cs
  artifactKey: Guid(8545053624fa6154e898d2f2d4ce849a) Importer(815301076,1909f56bfc062723c751e8b465ee728b)
Start importing Assets/Scripts/PlayerMovement.cs using Guid(8545053624fa6154e898d2f2d4ce849a) Importer(815301076,1909f56bfc062723c751e8b465ee728b) (PreviewImporter) -> (artifact id: '00000000000000000000000000000000') in 0.0004305 seconds
Import Error Code:(4)
Message: Build asset version error: assets/scripts/playermovement.cs in SourceAssetDB has modification time of '2026-04-30T08:17:48.3142006Z' while content on disk has modification time of '2026-04-30T08:18:04.771814Z'
  ERROR: Build asset version error: assets/scripts/playermovement.cs in SourceAssetDB has modification time of '2026-04-30T08:17:48.3142006Z' while content on disk has modification time of '2026-04-30T08:18:04.771814Z'
Number of updated asset objects reloaded before import = 0Number of asset objects unloaded after import = 0

========================================================================
Received Import Request.
  Time since last request: 0.000021 seconds.
  path: Assets/Scripts/PlayerMovement.cs
  artifactKey: Guid(8545053624fa6154e898d2f2d4ce849a) Importer(815301076,1909f56bfc062723c751e8b465ee728b)
Start importing Assets/Scripts/PlayerMovement.cs using Guid(8545053624fa6154e898d2f2d4ce849a) Importer(815301076,1909f56bfc062723c751e8b465ee728b) (PreviewImporter) -> (artifact id: '00000000000000000000000000000000') in 0.0006745 seconds
Import Error Code:(4)
Message: Build asset version error: assets/scripts/playermovement.cs in SourceAssetDB has modification time of '2026-04-30T08:17:48.3142006Z' while content on disk has modification time of '2026-04-30T08:18:04.771814Z'
  ERROR: Build asset version error: assets/scripts/playermovement.cs in SourceAssetDB has modification time of '2026-04-30T08:17:48.3142006Z' while content on disk has modification time of '2026-04-30T08:18:04.771814Z'
Number of updated asset objects reloaded before import = 0Number of asset objects unloaded after import = 0

========================================================================
Received Import Request.
  Time since last request: 0.000033 seconds.
  path: Assets/Scripts/PlayerMovement.cs
  artifactKey: Guid(8545053624fa6154e898d2f2d4ce849a) Importer(815301076,1909f56bfc062723c751e8b465ee728b)
Start importing Assets/Scripts/PlayerMovement.cs using Guid(8545053624fa6154e898d2f2d4ce849a) Importer(815301076,1909f56bfc062723c751e8b465ee728b) (PreviewImporter) -> (artifact id: '00000000000000000000000000000000') in 0.0006742 seconds
Import Error Code:(4)
Message: Build asset version error: assets/scripts/playermovement.cs in SourceAssetDB has modification time of '2026-04-30T08:17:48.3142006Z' while content on disk has modification time of '2026-04-30T08:18:04.771814Z'
  ERROR: Build asset version error: assets/scripts/playermovement.cs in SourceAssetDB has modification time of '2026-04-30T08:17:48.3142006Z' while content on disk has modification time of '2026-04-30T08:18:04.771814Z'
Number of updated asset objects reloaded before import = 0Number of asset objects unloaded after import = 0

========================================================================
Received Import Request.
  Time since last request: 0.000014 seconds.
  path: Assets/Scripts/PlayerMovement.cs
  artifactKey: Guid(8545053624fa6154e898d2f2d4ce849a) Importer(815301076,1909f56bfc062723c751e8b465ee728b)
Start importing Assets/Scripts/PlayerMovement.cs using Guid(8545053624fa6154e898d2f2d4ce849a) Importer(815301076,1909f56bfc062723c751e8b465ee728b) (PreviewImporter) -> (artifact id: '00000000000000000000000000000000') in 0.000449 seconds
Import Error Code:(4)
Message: Build asset version error: assets/scripts/playermovement.cs in SourceAssetDB has modification time of '2026-04-30T08:17:48.3142006Z' while content on disk has modification time of '2026-04-30T08:18:04.771814Z'
  ERROR: Build asset version error: assets/scripts/playermovement.cs in SourceAssetDB has modification time of '2026-04-30T08:17:48.3142006Z' while content on disk has modification time of '2026-04-30T08:18:04.771814Z'
Number of updated asset objects reloaded before import = 0Number of asset objects unloaded after import = 0

========================================================================
Received Import Request.
  Time since last request: 0.000017 seconds.
  path: Assets/Scripts/PlayerMovement.cs
  artifactKey: Guid(8545053624fa6154e898d2f2d4ce849a) Importer(815301076,1909f56bfc062723c751e8b465ee728b)
Start importing Assets/Scripts/PlayerMovement.cs using Guid(8545053624fa6154e898d2f2d4ce849a) Importer(815301076,1909f56bfc062723c751e8b465ee728b) (PreviewImporter) -> (artifact id: '00000000000000000000000000000000') in 0.0006132 seconds
Import Error Code:(4)
Message: Build asset version error: assets/scripts/playermovement.cs in SourceAssetDB has modification time of '2026-04-30T08:17:48.3142006Z' while content on disk has modification time of '2026-04-30T08:18:04.771814Z'
  ERROR: Build asset version error: assets/scripts/playermovement.cs in SourceAssetDB has modification time of '2026-04-30T08:17:48.3142006Z' while content on disk has modification time of '2026-04-30T08:18:04.771814Z'
Number of updated asset objects reloaded before import = 0Number of asset objects unloaded after import = 0

========================================================================
Received Import Request.
  Time since last request: 0.000020 seconds.
  path: Assets/Scripts/PlayerMovement.cs
  artifactKey: Guid(8545053624fa6154e898d2f2d4ce849a) Importer(815301076,1909f56bfc062723c751e8b465ee728b)
Start importing Assets/Scripts/PlayerMovement.cs using Guid(8545053624fa6154e898d2f2d4ce849a) Importer(815301076,1909f56bfc062723c751e8b465ee728b) (PreviewImporter) -> (artifact id: '00000000000000000000000000000000') in 0.0005881 seconds
Import Error Code:(4)
Message: Build asset version error: assets/scripts/playermovement.cs in SourceAssetDB has modification time of '2026-04-30T08:17:48.3142006Z' while content on disk has modification time of '2026-04-30T08:18:04.771814Z'
  ERROR: Build asset version error: assets/scripts/playermovement.cs in SourceAssetDB has modification time of '2026-04-30T08:17:48.3142006Z' while content on disk has modification time of '2026-04-30T08:18:04.771814Z'
Number of updated asset objects reloaded before import = 0Number of asset objects unloaded after import = 0

========================================================================
Received Import Request.
  Time since last request: 0.000019 seconds.
  path: Assets/Scripts/PlayerMovement.cs
  artifactKey: Guid(8545053624fa6154e898d2f2d4ce849a) Importer(815301076,1909f56bfc062723c751e8b465ee728b)
Start importing Assets/Scripts/PlayerMovement.cs using Guid(8545053624fa6154e898d2f2d4ce849a) Importer(815301076,1909f56bfc062723c751e8b465ee728b) (PreviewImporter) -> (artifact id: '00000000000000000000000000000000') in 0.0005081 seconds
Import Error Code:(4)
Message: Build asset version error: assets/scripts/playermovement.cs in SourceAssetDB has modification time of '2026-04-30T08:17:48.3142006Z' while content on disk has modification time of '2026-04-30T08:18:04.771814Z'
  ERROR: Build asset version error: assets/scripts/playermovement.cs in SourceAssetDB has modification time of '2026-04-30T08:17:48.3142006Z' while content on disk has modification time of '2026-04-30T08:18:04.771814Z'
Number of updated asset objects reloaded before import = 0Number of asset objects unloaded after import = 0

========================================================================
Received Import Request.
  Time since last request: 0.000028 seconds.
  path: Assets/Scripts/PlayerMovement.cs
  artifactKey: Guid(8545053624fa6154e898d2f2d4ce849a) Importer(815301076,1909f56bfc062723c751e8b465ee728b)
Start importing Assets/Scripts/PlayerMovement.cs using Guid(8545053624fa6154e898d2f2d4ce849a) Importer(815301076,1909f56bfc062723c751e8b465ee728b) (PreviewImporter) -> (artifact id: '00000000000000000000000000000000') in 0.0006387 seconds
Import Error Code:(4)
Message: Build asset version error: assets/scripts/playermovement.cs in SourceAssetDB has modification time of '2026-04-30T08:17:48.3142006Z' while content on disk has modification time of '2026-04-30T08:18:04.771814Z'
  ERROR: Build asset version error: assets/scripts/playermovement.cs in SourceAssetDB has modification time of '2026-04-30T08:17:48.3142006Z' while content on disk has modification time of '2026-04-30T08:18:04.771814Z'
Number of updated asset objects reloaded before import = 0Number of asset objects unloaded after import = 0

========================================================================
Received Import Request.
  Time since last request: 0.000019 seconds.
  path: Assets/Scripts/PlayerMovement.cs
  artifactKey: Guid(8545053624fa6154e898d2f2d4ce849a) Importer(815301076,1909f56bfc062723c751e8b465ee728b)
Start importing Assets/Scripts/PlayerMovement.cs using Guid(8545053624fa6154e898d2f2d4ce849a) Importer(815301076,1909f56bfc062723c751e8b465ee728b) (PreviewImporter) -> (artifact id: '00000000000000000000000000000000') in 0.0007705 seconds
Import Error Code:(4)
Message: Build asset version error: assets/scripts/playermovement.cs in SourceAssetDB has modification time of '2026-04-30T08:17:48.3142006Z' while content on disk has modification time of '2026-04-30T08:18:04.771814Z'
  ERROR: Build asset version error: assets/scripts/playermovement.cs in SourceAssetDB has modification time of '2026-04-30T08:17:48.3142006Z' while content on disk has modification time of '2026-04-30T08:18:04.771814Z'
Number of updated asset objects reloaded before import = 0Number of asset objects unloaded after import = 0

========================================================================
Received Import Request.
  Time since last request: 0.000022 seconds.
  path: Assets/Scripts/PlayerMovement.cs
  artifactKey: Guid(8545053624fa6154e898d2f2d4ce849a) Importer(815301076,1909f56bfc062723c751e8b465ee728b)
Start importing Assets/Scripts/PlayerMovement.cs using Guid(8545053624fa6154e898d2f2d4ce849a) Importer(815301076,1909f56bfc062723c751e8b465ee728b) (PreviewImporter) -> (artifact id: '00000000000000000000000000000000') in 0.0005207 seconds
Import Error Code:(4)
Message: Build asset version error: assets/scripts/playermovement.cs in SourceAssetDB has modification time of '2026-04-30T08:17:48.3142006Z' while content on disk has modification time of '2026-04-30T08:18:04.771814Z'
  ERROR: Build asset version error: assets/scripts/playermovement.cs in SourceAssetDB has modification time of '2026-04-30T08:17:48.3142006Z' while content on disk has modification time of '2026-04-30T08:18:04.771814Z'
Number of updated asset objects reloaded before import = 0Number of asset objects unloaded after import = 0

========================================================================
Received Import Request.
  Time since last request: 0.000013 seconds.
  path: Assets/Scripts/PlayerMovement.cs
  artifactKey: Guid(8545053624fa6154e898d2f2d4ce849a) Importer(815301076,1909f56bfc062723c751e8b465ee728b)
Start importing Assets/Scripts/PlayerMovement.cs using Guid(8545053624fa6154e898d2f2d4ce849a) Importer(815301076,1909f56bfc062723c751e8b465ee728b) (PreviewImporter) -> (artifact id: '00000000000000000000000000000000') in 0.0005978 seconds
Import Error Code:(4)
Message: Build asset version error: assets/scripts/playermovement.cs in SourceAssetDB has modification time of '2026-04-30T08:17:48.3142006Z' while content on disk has modification time of '2026-04-30T08:18:04.771814Z'
  ERROR: Build asset version error: assets/scripts/playermovement.cs in SourceAssetDB has modification time of '2026-04-30T08:17:48.3142006Z' while content on disk has modification time of '2026-04-30T08:18:04.771814Z'
Number of updated asset objects reloaded before import = 0Number of asset objects unloaded after import = 0

========================================================================
Received Import Request.
  Time since last request: 0.000017 seconds.
  path: Assets/Scripts/PlayerMovement.cs
  artifactKey: Guid(8545053624fa6154e898d2f2d4ce849a) Importer(815301076,1909f56bfc062723c751e8b465ee728b)
Start importing Assets/Scripts/PlayerMovement.cs using Guid(8545053624fa6154e898d2f2d4ce849a) Importer(815301076,1909f56bfc062723c751e8b465ee728b) (PreviewImporter) -> (artifact id: '00000000000000000000000000000000') in 0.0008074 seconds
Import Error Code:(4)
Message: Build asset version error: assets/scripts/playermovement.cs in SourceAssetDB has modification time of '2026-04-30T08:17:48.3142006Z' while content on disk has modification time of '2026-04-30T08:18:04.771814Z'
  ERROR: Build asset version error: assets/scripts/playermovement.cs in SourceAssetDB has modification time of '2026-04-30T08:17:48.3142006Z' while content on disk has modification time of '2026-04-30T08:18:04.771814Z'
Number of updated asset objects reloaded before import = 0Number of asset objects unloaded after import = 0

========================================================================
Received Import Request.
  Time since last request: 0.000031 seconds.
  path: Assets/Scripts/PlayerMovement.cs
  artifactKey: Guid(8545053624fa6154e898d2f2d4ce849a) Importer(815301076,1909f56bfc062723c751e8b465ee728b)
Start importing Assets/Scripts/PlayerMovement.cs using Guid(8545053624fa6154e898d2f2d4ce849a) Importer(815301076,1909f56bfc062723c751e8b465ee728b) (PreviewImporter) -> (artifact id: '00000000000000000000000000000000') in 0.0006838 seconds
Import Error Code:(4)
Message: Build asset version error: assets/scripts/playermovement.cs in SourceAssetDB has modification time of '2026-04-30T08:17:48.3142006Z' while content on disk has modification time of '2026-04-30T08:18:04.771814Z'
  ERROR: Build asset version error: assets/scripts/playermovement.cs in SourceAssetDB has modification time of '2026-04-30T08:17:48.3142006Z' while content on disk has modification time of '2026-04-30T08:18:04.771814Z'
Number of updated asset objects reloaded before import = 0Number of asset objects unloaded after import = 0

========================================================================
Received Import Request.
  Time since last request: 0.000017 seconds.
  path: Assets/Scripts/PlayerMovement.cs
  artifactKey: Guid(8545053624fa6154e898d2f2d4ce849a) Importer(815301076,1909f56bfc062723c751e8b465ee728b)
Start importing Assets/Scripts/PlayerMovement.cs using Guid(8545053624fa6154e898d2f2d4ce849a) Importer(815301076,1909f56bfc062723c751e8b465ee728b) (PreviewImporter) -> (artifact id: '00000000000000000000000000000000') in 0.0006341 seconds
Import Error Code:(4)
Message: Build asset version error: assets/scripts/playermovement.cs in SourceAssetDB has modification time of '2026-04-30T08:17:48.3142006Z' while content on disk has modification time of '2026-04-30T08:18:04.771814Z'
  ERROR: Build asset version error: assets/scripts/playermovement.cs in SourceAssetDB has modification time of '2026-04-30T08:17:48.3142006Z' while content on disk has modification time of '2026-04-30T08:18:04.771814Z'
Number of updated asset objects reloaded before import = 0Number of asset objects unloaded after import = 0

========================================================================
Received Import Request.
  Time since last request: 0.000016 seconds.
  path: Assets/Scripts/PlayerMovement.cs
  artifactKey: Guid(8545053624fa6154e898d2f2d4ce849a) Importer(815301076,1909f56bfc062723c751e8b465ee728b)
Start importing Assets/Scripts/PlayerMovement.cs using Guid(8545053624fa6154e898d2f2d4ce849a) Importer(815301076,1909f56bfc062723c751e8b465ee728b) (PreviewImporter) -> (artifact id: '00000000000000000000000000000000') in 0.0005995 seconds
Import Error Code:(4)
Message: Build asset version error: assets/scripts/playermovement.cs in SourceAssetDB has modification time of '2026-04-30T08:17:48.3142006Z' while content on disk has modification time of '2026-04-30T08:18:04.771814Z'
  ERROR: Build asset version error: assets/scripts/playermovement.cs in SourceAssetDB has modification time of '2026-04-30T08:17:48.3142006Z' while content on disk has modification time of '2026-04-30T08:18:04.771814Z'
Number of updated asset objects reloaded before import = 0Number of asset objects unloaded after import = 0

========================================================================
Received Import Request.
  Time since last request: 0.000021 seconds.
  path: Assets/Scripts/PlayerMovement.cs
  artifactKey: Guid(8545053624fa6154e898d2f2d4ce849a) Importer(815301076,1909f56bfc062723c751e8b465ee728b)
Start importing Assets/Scripts/PlayerMovement.cs using Guid(8545053624fa6154e898d2f2d4ce849a) Importer(815301076,1909f56bfc062723c751e8b465ee728b) (PreviewImporter) -> (artifact id: '00000000000000000000000000000000') in 0.0006313 seconds
Import Error Code:(4)
Message: Build asset version error: assets/scripts/playermovement.cs in SourceAssetDB has modification time of '2026-04-30T08:17:48.3142006Z' while content on disk has modification time of '2026-04-30T08:18:04.771814Z'
  ERROR: Build asset version error: assets/scripts/playermovement.cs in SourceAssetDB has modification time of '2026-04-30T08:17:48.3142006Z' while content on disk has modification time of '2026-04-30T08:18:04.771814Z'
Number of updated asset objects reloaded before import = 0Number of asset objects unloaded after import = 0

========================================================================
Received Import Request.
  Time since last request: 0.000021 seconds.
  path: Assets/Scripts/PlayerMovement.cs
  artifactKey: Guid(8545053624fa6154e898d2f2d4ce849a) Importer(815301076,1909f56bfc062723c751e8b465ee728b)
Start importing Assets/Scripts/PlayerMovement.cs using Guid(8545053624fa6154e898d2f2d4ce849a) Importer(815301076,1909f56bfc062723c751e8b465ee728b) (PreviewImporter) -> (artifact id: '00000000000000000000000000000000') in 0.0004514 seconds
Import Error Code:(4)
Message: Build asset version error: assets/scripts/playermovement.cs in SourceAssetDB has modification time of '2026-04-30T08:17:48.3142006Z' while content on disk has modification time of '2026-04-30T08:18:04.771814Z'
  ERROR: Build asset version error: assets/scripts/playermovement.cs in SourceAssetDB has modification time of '2026-04-30T08:17:48.3142006Z' while content on disk has modification time of '2026-04-30T08:18:04.771814Z'
Number of updated asset objects reloaded before import = 0Number of asset objects unloaded after import = 0

========================================================================
Received Import Request.
  Time since last request: 0.000029 seconds.
  path: Assets/Scripts/PlayerMovement.cs
  artifactKey: Guid(8545053624fa6154e898d2f2d4ce849a) Importer(815301076,1909f56bfc062723c751e8b465ee728b)
Start importing Assets/Scripts/PlayerMovement.cs using Guid(8545053624fa6154e898d2f2d4ce849a) Importer(815301076,1909f56bfc062723c751e8b465ee728b) (PreviewImporter) -> (artifact id: '00000000000000000000000000000000') in 0.000627 seconds
Import Error Code:(4)
Message: Build asset version error: assets/scripts/playermovement.cs in SourceAssetDB has modification time of '2026-04-30T08:17:48.3142006Z' while content on disk has modification time of '2026-04-30T08:18:04.771814Z'
  ERROR: Build asset version error: assets/scripts/playermovement.cs in SourceAssetDB has modification time of '2026-04-30T08:17:48.3142006Z' while content on disk has modification time of '2026-04-30T08:18:04.771814Z'
Number of updated asset objects reloaded before import = 0Number of asset objects unloaded after import = 0

========================================================================
Received Import Request.
  Time since last request: 0.000019 seconds.
  path: Assets/Scripts/PlayerMovement.cs
  artifactKey: Guid(8545053624fa6154e898d2f2d4ce849a) Importer(815301076,1909f56bfc062723c751e8b465ee728b)
Start importing Assets/Scripts/PlayerMovement.cs using Guid(8545053624fa6154e898d2f2d4ce849a) Importer(815301076,1909f56bfc062723c751e8b465ee728b) (PreviewImporter) -> (artifact id: '00000000000000000000000000000000') in 0.0005432 seconds
Import Error Code:(4)
Message: Build asset version error: assets/scripts/playermovement.cs in SourceAssetDB has modification time of '2026-04-30T08:17:48.3142006Z' while content on disk has modification time of '2026-04-30T08:18:04.771814Z'
  ERROR: Build asset version error: assets/scripts/playermovement.cs in SourceAssetDB has modification time of '2026-04-30T08:17:48.3142006Z' while content on disk has modification time of '2026-04-30T08:18:04.771814Z'
Number of updated asset objects reloaded before import = 0Number of asset objects unloaded after import = 0

========================================================================
Received Import Request.
  Time since last request: 0.000017 seconds.
  path: Assets/Scripts/PlayerMovement.cs
  artifactKey: Guid(8545053624fa6154e898d2f2d4ce849a) Importer(815301076,1909f56bfc062723c751e8b465ee728b)
Start importing Assets/Scripts/PlayerMovement.cs using Guid(8545053624fa6154e898d2f2d4ce849a) Importer(815301076,1909f56bfc062723c751e8b465ee728b) (PreviewImporter) -> (artifact id: '00000000000000000000000000000000') in 0.0006246 seconds
Import Error Code:(4)
Message: Build asset version error: assets/scripts/playermovement.cs in SourceAssetDB has modification time of '2026-04-30T08:17:48.3142006Z' while content on disk has modification time of '2026-04-30T08:18:04.771814Z'
  ERROR: Build asset version error: assets/scripts/playermovement.cs in SourceAssetDB has modification time of '2026-04-30T08:17:48.3142006Z' while content on disk has modification time of '2026-04-30T08:18:04.771814Z'
Number of updated asset objects reloaded before import = 0Number of asset objects unloaded after import = 0

========================================================================
Received Import Request.
  Time since last request: 0.000016 seconds.
  path: Assets/Scripts/PlayerMovement.cs
  artifactKey: Guid(8545053624fa6154e898d2f2d4ce849a) Importer(815301076,1909f56bfc062723c751e8b465ee728b)
Start importing Assets/Scripts/PlayerMovement.cs using Guid(8545053624fa6154e898d2f2d4ce849a) Importer(815301076,1909f56bfc062723c751e8b465ee728b) (PreviewImporter) -> (artifact id: '00000000000000000000000000000000') in 0.0005148 seconds
Import Error Code:(4)
Message: Build asset version error: assets/scripts/playermovement.cs in SourceAssetDB has modification time of '2026-04-30T08:17:48.3142006Z' while content on disk has modification time of '2026-04-30T08:18:04.771814Z'
  ERROR: Build asset version error: assets/scripts/playermovement.cs in SourceAssetDB has modification time of '2026-04-30T08:17:48.3142006Z' while content on disk has modification time of '2026-04-30T08:18:04.771814Z'
Number of updated asset objects reloaded before import = 0Number of asset objects unloaded after import = 0

========================================================================
Received Import Request.
  Time since last request: 0.000017 seconds.
  path: Assets/Scripts/PlayerMovement.cs
  artifactKey: Guid(8545053624fa6154e898d2f2d4ce849a) Importer(815301076,1909f56bfc062723c751e8b465ee728b)
Start importing Assets/Scripts/PlayerMovement.cs using Guid(8545053624fa6154e898d2f2d4ce849a) Importer(815301076,1909f56bfc062723c751e8b465ee728b) (PreviewImporter) -> (artifact id: '00000000000000000000000000000000') in 0.000656 seconds
Import Error Code:(4)
Message: Build asset version error: assets/scripts/playermovement.cs in SourceAssetDB has modification time of '2026-04-30T08:17:48.3142006Z' while content on disk has modification time of '2026-04-30T08:18:04.771814Z'
  ERROR: Build asset version error: assets/scripts/playermovement.cs in SourceAssetDB has modification time of '2026-04-30T08:17:48.3142006Z' while content on disk has modification time of '2026-04-30T08:18:04.771814Z'
Number of updated asset objects reloaded before import = 0Number of asset objects unloaded after import = 0

========================================================================
Received Prepare
'Packages/com.unity.cinemachine/Editor/Obsolete/CinemachineVirtualCameraBaseEditor.cs' contains partial class of Unity.Object, exactly 1 of the partial classes needs to be in a file with the same filename. This is to know the one that can be referenced from ie. GameObjects
'Packages/com.unity.cinemachine/Editor/Editors/CinemachineVirtualCameraBaseEditor.cs' contains partial class of Unity.Object, exactly 1 of the partial classes needs to be in a file with the same filename. This is to know the one that can be referenced from ie. GameObjects
Refreshing native plugins compatible for Editor in 4.09 ms, found 4 plugins.
Preloading 0 native plugins for Editor in 0.00 ms.
Unloading 15 Unused Serialized files (Serialized files now loaded: 0)
Unloading 7198 unused Assets / (4.5 MB). Loaded Objects now: 8052.
Memory consumption went from 154.8 MB to 150.4 MB.
Total: 50.799100 ms (FindLiveObjects: 1.811000 ms CreateObjectMapping: 1.936400 ms MarkObjects: 42.319700 ms  DeleteObjects: 4.730100 ms)

Prepare: number of updated asset objects reloaded= 0
========================================================================
Received Prepare
Assembly reference Packages/com.unity.cinemachine/Editor/Samples/ExposeHDRPInternals/HDRP-Editor-ref.asmref has no target assembly definition
Assembly reference Packages/com.unity.cinemachine/Editor/Samples/ExposeHDRPInternals/HDRP-Editor-ref.asmref has no target assembly definition
Begin MonoManager ReloadAssembly
- Loaded All Assemblies, in  1.383 seconds
Assembly reference Packages/com.unity.cinemachine/Editor/Samples/ExposeHDRPInternals/HDRP-Editor-ref.asmref has no target assembly definition
'Packages/com.unity.cinemachine/Editor/Obsolete/CinemachineVirtualCameraBaseEditor.cs' contains partial class of Unity.Object, exactly 1 of the partial classes needs to be in a file with the same filename. This is to know the one that can be referenced from ie. GameObjects
'Packages/com.unity.cinemachine/Editor/Editors/CinemachineVirtualCameraBaseEditor.cs' contains partial class of Unity.Object, exactly 1 of the partial classes needs to be in a file with the same filename. This is to know the one that can be referenced from ie. GameObjects
Refreshing native plugins compatible for Editor in 2.71 ms, found 4 plugins.
Native extension for WindowsStandalone target not found
Assembly reference Packages/com.unity.cinemachine/Editor/Samples/ExposeHDRPInternals/HDRP-Editor-ref.asmref has no target assembly definition
[Package Manager] Failed to launch server process. Reason: Unity was launched with the -noUpm command-line argument
[Package Manager] Unable to send message (not connected to server process).
[Package Manager] Cannot connect to Unity Package Manager local server
[Package Manager] Failed to launch server process. Reason: Unity was launched with the -noUpm command-line argument
[Package Manager] Unable to send message (not connected to server process).
[Package Manager] Cannot connect to Unity Package Manager local server
Mono: successfully reloaded assembly
- Finished resetting the current domain, in  1.938 seconds
Domain Reload Profiling: 3313ms
	BeginReloadAssembly (373ms)
		ExecutionOrderSort (0ms)
		DisableScriptedObjects (23ms)
		BackupInstance (0ms)
		ReleaseScriptingObjects (0ms)
		CreateAndSetChildDomain (99ms)
	RebuildCommonClasses (60ms)
	RebuildNativeTypeToScriptingClass (21ms)
	initialDomainReloadingComplete (57ms)
	LoadAllAssembliesAndSetupDomain (863ms)
		LoadAssemblies (684ms)
		RebuildTransferFunctionScriptingTraits (0ms)
		AnalyzeDomain (347ms)
			TypeCache.Refresh (20ms)
				TypeCache.ScanAssembly (1ms)
			BuildScriptInfoCaches (303ms)
			ResolveRequiredComponents (16ms)
	FinalizeReload (1939ms)
		ReleaseScriptCaches (0ms)
		RebuildScriptCaches (0ms)
		SetupLoadedEditorAssemblies (1706ms)
			LogAssemblyErrors (0ms)
			InitializePlatformSupportModulesInManaged (2ms)
			SetLoadedEditorAssemblies (8ms)
			BeforeProcessingInitializeOnLoad (242ms)
			ProcessInitializeOnLoadAttributes (1335ms)
			ProcessInitializeOnLoadMethodAttributes (102ms)
			AfterProcessingInitializeOnLoad (15ms)
			EditorAssembliesLoaded (1ms)
		ExecutionOrderSort2 (0ms)
		AwakeInstancesAfterBackupRestoration (22ms)
Refreshing native plugins compatible for Editor in 4.06 ms, found 4 plugins.
Preloading 0 native plugins for Editor in 0.00 ms.
Unloading 15 Unused Serialized files (Serialized files now loaded: 0)
Unloading 7208 unused Assets / (5.8 MB). Loaded Objects now: 8055.
Memory consumption went from 154.7 MB to 149.0 MB.
Total: 59.298200 ms (FindLiveObjects: 1.763800 ms CreateObjectMapping: 1.237900 ms MarkObjects: 49.367800 ms  DeleteObjects: 6.926500 ms)

Prepare: number of updated asset objects reloaded= 0
Editor requested this worker to shutdown with reason: Scaling down because of idle timeout
AssetImportWorker is now disconnected from the server
Process exiting
Exiting without the bug reporter. Application will terminate with return code 0